id;documento;bairro;bairro_original;endereco;latitude;longitude;data_ocorrencia;ano;mes;hora;periodo;motivo_principal;motivos_complementares;acao_policial;presenca_agente;chacina;mortos;feridos;baleados;civis_mortos;civis_feridos;agentes_mortos;agentes_feridos;ocorrencia_com_vitima
5f5d4676-4e0c-4aff-989e-f0a5a71e9fa3;68986;Boa Viagem;BOA VIAGEM;Comunidade Beira Rio - Boa Viagem, Recife - PE, 51030-230, Brasil;-8.129066495033475;-34.90971986084188;2025-01-01 00:00:00+00:00;2025;1;0;madrugada;Homicidio/Tentativa;;False;False;False;1;2;3;1;2;0;0;True
f8e335ed-b25c-41f6-b14d-a65eac951ee2;68975;Água Fria;AGUA FRIA;Avenida Aníbal Benévolo - Água Fria, Recife - PE, Brasil;-8.0099982;-34.8985233;2025-01-01 00:00:00+00:00;2025;1;0;madrugada;Homicidio/Tentativa;Não identificado;False;False;False;1;0;1;1;0;0;0;True
ba394aca-67a1-4e8e-990a-60d344b64f57;69004;Boa Viagem;BOA VIAGEM;Comunidade da Borborema - Boa Viagem, Recife - PE, 51210, Brasil;-8.1435526;-34.9138733;2025-01-02 00:00:00+00:00;2025;1;0;madrugada;Homicidio/Tentativa;;False;False;False;1;0;1;1;0;0;0;True
b3829e7c-ff50-4f82-bd27-4d520055b259;69020;Água Fria;AGUA FRIA;R. da Regeneração - Água Fria, Recife - PE, 52120-430, Brasil;-8.021085915789895;-34.88750668471284;2025-01-03 00:00:00+00:00;2025;1;0;madrugada;Briga;;False;True;False;1;0;1;0;0;1;0;True
ff52f2bd-ed7b-4984-a768-5769596a07b6;69009;Prado;PRADO;Rua Gomes Taborda - Prado, Recife - PE, Brasil;-8.0569129;-34.9186045;2025-01-03 00:00:00+00:00;2025;1;0;madrugada;Homicidio/Tentativa;;False;False;False;1;0;1;1;0;0;0;True
6185f149-2500-475a-ac26-f879a551c66b;69048;Boa Viagem;BOA VIAGEM;R. Cap. Barroso Pereira - Boa Viagem, Recife - PE, 51130-260, Brasil;-8.143301641935805;-34.911562978582914;2025-01-05 00:00:00+00:00;2025;1;0;madrugada;Homicidio/Tentativa;;False;False;False;1;0;1;1;0;0;0;True
19475936-dddd-400e-8c02-30743ddfbff3;69077;Ibura;IBURA;Vila dos Milagres - Ibura, Recife - PE, 51270-000, Brasil;-8.115118332587626;-34.9461075015011;2025-01-06 00:00:00+00:00;2025;1;0;madrugada;Disputa;Ação policial;True;True;False;0;0;0;0;0;0;0;False
9c947e37-44db-4f07-8d03-555557ff6ea3;69058;Várzea;VARZEA;Jardim Petrópolis - Rua Gastão Vidigal - Várzea, Recife - PE, Brasil;-8.0350092;-34.9614377;2025-01-06 00:00:00+00:00;2025;1;0;madrugada;Homicidio/Tentativa;Não identificado;False;False;False;1;0;1;1;0;0;0;True
0430c563-1e89-4dcc-b6db-adf6f6304752;69059;Boa Viagem;BOA VIAGEM;Comunidade do Pocotó - Rua Braulio Cavalcante - Boa Viagem, Recife - PE, Brasil;-8.123364;-34.9092993;2025-01-06 00:00:00+00:00;2025;1;0;madrugada;Homicidio/Tentativa;Não identificado;False;False;False;1;0;1;1;0;0;0;True
50ab0623-ef95-4209-97a1-e8f21f216504;69092;Macaxeira;MACAXEIRA;Alto do Burity - Macaxeira, Recife - PE, 52190-000, Brasil;-8.01050353;-34.92899304;2025-01-07 00:00:00+00:00;2025;1;0;madrugada;Homicidio/Tentativa;;False;False;False;1;0;1;1;0;0;0;True
6f68cfc8-0995-4478-ae38-a66f26207334;69098;Torre;TORRE;Vila Santa Luzia - R. Ciclovia República da Argélia, - Torre, Recife - PE, 50711-670, Brasil;-8.043315454801737;-34.91451118836059;2025-01-07 00:00:00+00:00;2025;1;0;madrugada;Homicidio/Tentativa;Não identificado;False;False;False;1;0;1;1;0;0;0;True
55d30c9b-ce6f-48a4-9f67-77e2ffecce09;69148;Iputinga;IPUTINGA;Rua São João da Lagoa - Iputinga, Recife - PE, Brasil;-8.0329827;-34.9283119;2025-01-08 00:00:00+00:00;2025;1;0;madrugada;Tiros a esmo;Disputa;False;False;False;0;0;0;0;0;0;0;False
b5b57f50-dec2-4b00-b6a7-ac66baf25741;69219;São José;SAO JOSE;São José, Recife - PE, Brasil;-8.071921699999999;-34.8821777;2025-01-08 00:00:00+00:00;2025;1;0;madrugada;Homicidio/Tentativa;;False;False;False;1;0;1;1;0;0;0;True
9ba148a6-fd01-45ca-9746-ddc08b66df55;69142;Iputinga;IPUTINGA;Comunidade do Detran - Iputinga, Recife - PE, 50690-120, Brasil;-8.029052523217697;-34.93976517752824;2025-01-09 00:00:00+00:00;2025;1;0;madrugada;Homicidio/Tentativa;;False;False;False;1;0;1;1;0;0;0;True
f64274da-05df-465e-b8d8-d43c14486c0c;69200;Linha do Tiro;LINHA DO TIRO; R. Prof. José Amarino dos Réis - Linha do Tiro, Recife - PE, 52131-320, Brasil;-8.015391518731654;-34.907138165302975;2025-01-11 00:00:00+00:00;2025;1;0;madrugada;Homicidio/Tentativa;;False;False;False;1;0;1;1;0;0;0;True
9b08c09a-61b9-40d3-93df-5a9d68b873fe;69193;Ibura;IBURA;Vila dos Milagres - Ibura, Recife - PE, 51270-000, Brasil;-8.115150196793156;-34.94613968800928;2025-01-12 00:00:00+00:00;2025;1;0;madrugada;Homicidio/Tentativa;;False;False;False;1;0;1;1;0;0;0;True
2163054b-7e87-4e25-baf3-ff0e59e00734;69205;Iputinga;IPUTINGA;Av. Caxangá - Iputinga, Recife - PE, 50731-005, Brasil;-8.039796612059357;-34.94023158175354;2025-01-12 00:00:00+00:00;2025;1;0;madrugada;Homicidio/Tentativa;Não identificado;False;False;False;1;0;1;1;0;0;0;True
3d4ce25f-35a9-4272-a98d-6d020c495d7f;69206;Jardim São Paulo;JARDIM SAO PAULO;Rua Itamirim - Jardim São Paulo, Recife - PE, Brasil;-8.0832617;-34.9428758;2025-01-12 00:00:00+00:00;2025;1;0;madrugada;Homicidio/Tentativa;Não identificado;False;False;False;1;0;1;1;0;0;0;True
301aa2a0-1739-4ece-8f41-91baff3ac1cc;69198;Mangueira;MANGUEIRA;Rua Doutor João Elísio - Mangueira, Recife - PE, Brasil;-8.077226;-34.9186936;2025-01-12 00:00:00+00:00;2025;1;0;madrugada;Homicidio/Tentativa;;False;False;False;1;0;1;1;0;0;0;True
b1c2318a-539f-4f2c-a436-a919a4864686;69199;Nova Descoberta;NOVA DESCOBERTA;Córrego do Joaquim - R. Alto do Reservatório - Nova Descoberta, Recife - PE, Brasil;-7.9976859;-34.9336551;2025-01-12 23:30:00+00:00;2025;1;23;noite;Homicidio/Tentativa;;False;False;True;7;0;7;7;0;0;0;True
6363217a-086d-4a1f-912c-b3f83f748668;69217;Casa Forte;CASA FORTE;Casa Forte, Recife - PE, Brasil;-8.033553399999999;-34.91895969999999;2025-01-13 00:00:00+00:00;2025;1;0;madrugada;Homicidio/Tentativa;;False;False;False;1;0;1;1;0;0;0;True
adf81daa-7833-48cb-8c4c-06032f1f9090;69224;Iputinga;IPUTINGA;Conjunto Habitacional Abençoado por Deus - Iputinga, Recife - PE, Brasil;-8.03841294798075;-34.93075782337637;2025-01-14 00:00:00+00:00;2025;1;0;madrugada;Homicidio/Tentativa;Não identificado;False;False;False;2;0;2;2;0;0;0;True
be0e7134-1fec-4b9c-949f-2879362db780;69227;Ibura;IBURA;Alto da Bela Vista - BR-101 - Ibura, Recife - PE, 50790-640, Brasil;-8.120399633183709;-34.94262833065528;2025-01-14 00:00:00+00:00;2025;1;0;madrugada;Homicidio/Tentativa;Não identificado;False;False;False;1;0;1;1;0;0;0;True
5b3a08f2-e9e9-4161-a1a4-6ec5d84f8f99;69223;Afogados;AFOGADOS;Vila São miguel - Rua Santa Helena - Afogados, Recife - PE, Brasil;-8.084766499999999;-34.9161616;2025-01-14 00:30:00+00:00;2025;1;0;madrugada;Homicidio/Tentativa;Não identificado;False;False;False;1;0;1;1;0;0;0;True
4ae0dc6a-1987-45f1-bacd-3ef4798f9193;69259;Boa Viagem;BOA VIAGEM;Rua Major Armando de Souza Melo - Boa Viagem, Recife - PE, Brasil;-8.1431966;-34.9080204;2025-01-15 00:00:00+00:00;2025;1;0;madrugada;Briga;Homicidio/Tentativa;False;False;False;1;0;1;1;0;0;0;True
c14f38f0-9373-4b0f-914b-ccecbcf29145;69285;Brejo da Guabiraba;BREJO DA GUABIRABA; Brejo da Guabiraba, Recife - PE, Brasil;-7.989351981790339;-34.93113506501357;2025-01-16 00:00:00+00:00;2025;1;0;madrugada;Não identificado;;False;False;False;0;1;1;0;1;0;0;True
812054f8-288d-465b-a1b4-7ddeb5a729f0;69316;Areias;AREIAS;Comunidade Salinas - Vila Tamandaré - Areias, Recife - PE, Brasil;-8.0971005;-34.9247599;2025-01-16 00:00:00+00:00;2025;1;0;madrugada;Disputa;;False;False;False;0;0;0;0;0;0;0;False
74656541-d147-4892-ace8-83b7802bf5f0;69306;Coelhos;COELHOS;Coelhos, Recife - PE, Brasil;-8.068171099999999;-34.8893137;2025-01-16 00:00:00+00:00;2025;1;0;madrugada;Homicidio/Tentativa;;False;False;False;1;0;1;1;0;0;0;True
8d51d780-16ba-4030-b214-def3336b4fed;69371;Campo Grande;CAMPO GRANDE;Rua Cristovão Jaques - Campo Grande, Recife - PE, Brasil;-8.0347973;-34.8841894;2025-01-19 00:00:00+00:00;2025;1;0;madrugada;Homicidio/Tentativa;Não identificado;False;False;False;1;0;1;1;0;0;0;True
48ddbc9e-2494-48cb-b2c8-8b2b7109fb30;69370;Passarinho;PASSARINHO;Rua Vitória Régia Canaã - Passarinho, Recife - PE, Brasil;-7.9894225;-34.9281695;2025-01-19 00:00:00+00:00;2025;1;0;madrugada;Homicidio/Tentativa;Não identificado;False;False;False;1;0;1;1;0;0;0;True
acdb7491-cd26-47d3-96b9-d1a8e0c7df0f;69387;Curado;CURADO;Comunidade do Inferninho - R. José Taváres de Holanda, 26 - Curado, Recife - PE, 50910-385, Brasil;-8.07451102112959;-34.93853772820701;2025-01-20 00:00:00+00:00;2025;1;0;madrugada;Homicidio/Tentativa;Não identificado;False;False;False;1;0;1;1;0;0;0;True
8c3ec264-ee8a-4f9a-b868-8184728c7e40;69405;Bongi;BONGI;Comunidade da Beirinha - R. Maria José de Lima - Bongi, Recife - PE, 50750-195, Brasil;-8.067719682520911;-34.914921771007066;2025-01-21 00:00:00+00:00;2025;1;0;madrugada;Homicidio/Tentativa;;False;False;False;1;0;1;1;0;0;0;True
a58bff03-1c7f-4860-b11f-19bb5fc272ac;69407;Brasília Teimosa;BRASILIA TEIMOSA;Colônia dos Pescadores - R. Mal. Hermes - Brasília Teimosa, Recife - PE, 51010-240, Brasil;-8.088172248198877;-34.88065562159404;2025-01-21 22:00:00+00:00;2025;1;22;noite;Homicidio/Tentativa;;False;False;False;1;0;1;1;0;0;0;True
d0dec388-304c-4745-81eb-b9cd65036280;69414;Sítio dos Pintos - São Brás;SITIO DOS PINTOS;Córrego da Fortuna - Rua Professor Cláudio Selva - Sitio dos Pintos, Recife - PE, Brasil;-8.0083434;-34.958808;2025-01-22 00:00:00+00:00;2025;1;0;madrugada;Homicidio/Tentativa;Não identificado;False;False;False;1;0;1;1;0;0;0;True
53b70ece-be85-4b0a-b008-1fb8137b9d84;69426;Ilha do Leite;ILHA DO LEITE;R. Gen. Joaquim Inácio - Ilha do Leite, Recife - Brasil;-8.062962622632536;-34.89391096321861;2025-01-23 00:00:00+00:00;2025;1;0;madrugada;Homicidio/Tentativa;Não identificado;False;False;False;1;0;1;1;0;0;0;True
f345e7a9-dba1-4674-aa8b-85d88e6a6493;69499;Linha do Tiro;LINHA DO TIRO;Campo do Café - Rua Uriel de Holanda - Linha do Tiro, Recife - PE, Brasil;-8.0083478;-34.907505;2025-01-24 00:00:00+00:00;2025;1;0;madrugada;Homicidio/Tentativa;Não identificado;False;False;False;1;1;2;1;1;0;0;True
4d1db651-53cc-4e24-9f4b-d115714ad292;69459;Jardim São Paulo;JARDIM SAO PAULO;Avenida Piracicaba - Jardim São Paulo, Recife - PE, Brasil;-8.0775872;-34.9474369;2025-01-24 00:00:00+00:00;2025;1;0;madrugada;Homicidio/Tentativa;Não identificado;False;False;False;1;0;1;1;0;0;0;True
d8aeb1c0-3ea6-4246-a356-8508ace83ce2;69497;Brejo da Guabiraba;BREJO DA GUABIRABA;Rua Cabo Hermito de Sá - Brejo da Guabiraba, Recife - PE, Brasil;-7.991641;-34.9295;2025-01-25 00:00:00+00:00;2025;1;0;madrugada;Homicidio/Tentativa;;False;False;False;2;0;2;2;0;0;0;True
b872b768-5151-4cb1-9cc2-f33518f8ebe6;69500;Iputinga;IPUTINGA;Conjunto Habitacional Abençoado Por Deus - Iputinga, Recife - PE, 50731-490, Brasil;-8.0384129479807;-34.93075782337637;2025-01-25 00:00:00+00:00;2025;1;0;madrugada;Homicidio/Tentativa;Não identificado;False;False;False;1;0;1;1;0;0;0;True
8509db8f-9d43-4953-b17d-93e1dcbd5c62;69496;Córrego do Jenipapo;CORREGO DO JENIPAPO;Rua Padre Antônio Prado - Córrego do Jenipapo, Recife - PE, Brasil;-8.0015924;-34.9376565;2025-01-25 00:00:00+00:00;2025;1;0;madrugada;Homicidio/Tentativa;Não identificado;False;False;False;1;0;1;1;0;0;0;True
e6801517-e73d-49b7-a620-d1ec237e11ba;69508;Pina;PINA;Via Mangue - Pina, Recife - PE, 51110-160, Brasil;-8.088540399673713;-34.89133612204092;2025-01-25 00:00:00+00:00;2025;1;0;madrugada;Ação policial;;True;True;False;0;1;1;0;1;0;0;True
01a90c1a-1f79-479c-82cb-d3fc1e9f6b42;69495;Alto Santa Terezinha;ALTO SANTA TERESINHA;Av. Aníbal Benévolo - Alto Santa Teresinha, Recife - PE, 52131-085, Brasil;-8.010046368875797;-34.89882933890076;2025-01-26 00:00:00+00:00;2025;1;0;madrugada;Homicidio/Tentativa;;False;False;False;1;2;3;1;2;0;0;True
9ce39877-2923-4014-9e25-3200b75cdaf1;69501;Brejo da Guabiraba;BREJO DA GUABIRABA;Alto das Pedrinhas - Rua Presidente Costa e Silva - Brejo da Guabiraba, Recife - PE, Brasil;-7.9910061;-34.9326554;2025-01-26 00:00:00+00:00;2025;1;0;madrugada;Homicidio/Tentativa;Não identificado;False;False;False;1;0;1;1;0;0;0;True
83af0fe7-8218-411c-b114-3020322c92e5;69554;Boa Vista;BOA VISTA;Av. Gov. Agamenon Magalhães - Boa Vista, Recife - PE, 52021-170, Brasil;-8.061774036188668;-34.897330652433865;2025-01-28 00:00:00+00:00;2025;1;0;madrugada;Tentativa/Roubo;;False;True;False;0;0;0;0;0;0;0;False
48e795c9-66be-45e7-8069-e4f8ed8a5762;69553;Areias;AREIAS;Av. Recife - Areias, Recife - PE, 50865-030, Brasil;-8.100583621686747;-34.92805748093081;2025-01-28 21:40:00+00:00;2025;1;21;noite;Homicidio/Tentativa;;False;False;False;2;0;2;2;0;0;0;True
967231d0-6dde-42d5-aae0-d880d34280a5;69571;Ibura;IBURA;Avenida BR 101- Ibura, Recife - PE, 51240-100, Brasil;-8.120634567705046;-34.942995892428804;2025-01-29 00:00:00+00:00;2025;1;0;madrugada;Ação policial;;True;True;False;0;2;2;0;2;0;0;True
b1a660c1-b550-4527-ac62-fb4682eb4abd;69574;Brejo da Guabiraba;BREJO DA GUABIRABA;R. Sr. do Bonfim - Brejo da Guabiraba, Recife - PE, 52291-270, Brasil;-7.989936740587908;-34.93453913765204;2025-01-29 00:00:00+00:00;2025;1;0;madrugada;Homicidio/Tentativa;;False;False;False;1;0;1;1;0;0;0;True
10f401d4-9b3b-4818-82c0-7770bca09d65;69595;Arruda;ARRUDA;R. Morumbi - Arruda, Recife - PE, 52120-372, Brasil;-8.02380000619446;-34.88430006719028;2025-01-30 00:00:00+00:00;2025;1;0;madrugada;Homicidio/Tentativa;;False;False;False;1;0;1;1;0;0;0;True
ff4a57e0-7c3e-44cb-ab71-406e2e990ae7;69580;Várzea;VARZEA;Rua Zézito Costa Rêgo - Várzea, Recife - PE, Brasil;-8.0410421;-34.9439884;2025-01-30 00:00:00+00:00;2025;1;0;madrugada;Tentativa/Roubo;Ação policial;True;True;False;1;0;1;1;0;0;0;True
b53cd6fb-59a5-47eb-b0b3-628dae0dd132;69601;Afogados;AFOGADOS;R. Bezerra da Palma - Afogados, Recife - PE, 50820-440, Brasil;-8.077149310993738;-34.9135756060005;2025-01-30 00:00:00+00:00;2025;1;0;madrugada;Homicidio/Tentativa;;False;False;False;1;0;1;1;0;0;0;True
3dfad5d6-3a5d-4960-a292-262dd354b752;69603;Alto José Bonifácio;ALTO JOSE BONIFACIO;Alto da Saudade - Alto José Bonifacio, Recife - PE, 52080-030, Brasil;-8.0154758;-34.9115645;2025-01-31 00:00:00+00:00;2025;1;0;madrugada;Homicidio/Tentativa;Não identificado;False;False;False;1;0;1;1;0;0;0;True
045ef847-01af-4fa6-9907-0139d59806d4;69635;Coelhos;COELHOS;Tv. do Farias - Coelhos, Recife - PE, 50060-510, Brasil;-8.067922649159184;-34.88965419193459;2025-02-02 00:00:00+00:00;2025;2;0;madrugada;Homicidio/Tentativa;;False;False;False;1;0;1;1;0;0;0;True
6562cc60-3a48-4451-b213-c4af8299c0ff;69637;Jordão;JORDAO;Rua Guabatanga, Jordão, Recife - PE, Brasil;-8.135956199999999;-34.935617;2025-02-02 00:00:00+00:00;2025;2;0;madrugada;Homicidio/Tentativa;;False;False;False;1;0;1;1;0;0;0;True
cbe25f97-e8f3-4383-bb02-2dd9b9311a5e;69660;Guabiraba;GUABIRABA;Av. da Recuperação - Guabiraba, Recife - PE, 52390, Brasil;-7.985667399756632;-34.93191211398709;2025-02-03 00:00:00+00:00;2025;2;0;madrugada;Homicidio/Tentativa;;False;False;False;1;1;2;1;1;0;0;True
773f929e-884b-4251-add0-65e4e00c9ac5;69652;Arruda;ARRUDA;Conjunto Habitacional Beira Rio Thiago Thonshe - R. das Moças - Arruda, Recife - PE, 52120-320, Brasil;-8.025908098971279;-34.88928172756868;2025-02-03 00:00:00+00:00;2025;2;0;madrugada;Homicidio/Tentativa;;False;False;False;1;0;1;1;0;0;0;True
a3817fcd-f119-4b63-af47-713d42c7ff16;69665;Iputinga;IPUTINGA;Comunidade do Detran - Iputinga, Recife - PE, Brasil;-8.029052523217697;-34.93976517752824;2025-02-03 00:00:00+00:00;2025;2;0;madrugada;Homicidio/Tentativa;Não identificado;False;False;False;0;1;1;0;1;0;0;True
06bfef52-48dd-4b12-80ec-aaabebf9da81;69777;Barro;BARRO;Vila da Umuarama - R. Adamir Menezes - Barro, Recife - PE, 50780-490, Brasil;-8.094568700502757;-34.94561132202489;2025-02-09 00:00:00+00:00;2025;2;0;madrugada;Homicidio/Tentativa;;False;False;False;1;0;1;1;0;0;0;True
9a018a5c-2756-4aff-967e-786c07efc820;69770;Curado;CURADO;R. Camponesa - Curado, Recife - PE, 50791-530, Brasil;-8.079500054369078;-34.976474534897925;2025-02-09 00:00:00+00:00;2025;2;0;madrugada;Briga;Homicidio/Tentativa;False;False;False;1;0;1;1;0;0;0;True
6ca7bed8-782d-41ef-884c-dcab87fdbe29;69771;Poço;POCO DA PANELA;Poço da Panela, Recife - PE, Brasil;-8.0353286;-34.924474;2025-02-09 00:00:00+00:00;2025;2;0;madrugada;Homicidio/Tentativa;;False;False;False;1;0;1;1;0;0;0;True
bd031420-c863-466a-8e3c-bbad51f74eb8;69925;Dois Unidos;DOIS UNIDOS;Av. Hildebrando de Vasconcelos - Dois Unidos, Recife - PE, 52140-005, Brasil;-7.995895475039417;-34.90919476136525;2025-02-09 00:00:00+00:00;2025;2;0;madrugada;Homicidio/Tentativa;Não identificado;False;False;False;1;0;1;1;0;0;0;True
35b4acab-89f1-4fac-8a6c-24ed7901bb1e;69785;Ibura;IBURA;R. Vale do Itajaí - UR 05, Ibura, Recife - PE, 51320-180, Brasil;-8.133313019212101;-34.95118402074234;2025-02-10 00:00:00+00:00;2025;2;0;madrugada;Homicidio/Tentativa;Não identificado;False;False;False;1;0;1;1;0;0;0;True
93f7e79a-852e-4603-9f16-05725711ef71;69795;Imbiribeira;IMBIRIBEIRA;Rua Izabel de Souza - Imbiribeira, Recife - PE, 51200-010, Brasil;-8.10947312429055;-34.9128602295174;2025-02-10 00:00:00+00:00;2025;2;0;madrugada;Homicidio/Tentativa;;False;False;False;1;1;2;1;1;0;0;True
352383a4-a529-443e-a1bf-c1f1de19b8d0;69793;Jardim São Paulo;JARDIM SAO PAULO;Comunidade do inferninho - Jardim São Paulo, Recife - PE, 50910-340, Brasil;-8.07445077493204;-34.93894291965033;2025-02-10 00:00:00+00:00;2025;2;0;madrugada;Ação policial;Tentativa/Roubo;True;True;False;1;0;1;1;0;0;0;True
54a9fccc-ff8d-44d3-b99c-9c2d44c800c5;69782;Estância;ESTANCIA;Hospital Geral de Areias - Avenida Recife - Estância, Recife - PE, Brasil;-8.100144199999999;-34.9264064;2025-02-10 07:00:00+00:00;2025;2;7;manha;Tentativa/Roubo;;False;False;False;0;1;1;0;1;0;0;True
69005ea3-4512-4190-a1ab-4b140bf96718;69814;Alto do Mandu;ALTO DO MANDU;Alto do Mandu, Recife - PE, Brasil;-8.0224648;-34.9273788;2025-02-11 00:00:00+00:00;2025;2;0;madrugada;Homicidio/Tentativa;;False;False;False;1;0;1;1;0;0;0;True
863b1f2a-357c-409a-a78e-1efe216bf77d;69801;Alto José do Pinho;ALTO JOSE DO PINHO;R. Severino Bernardino Pereira - Alto José do Pinho, Recife - PE, 52110-460, Brasil;-8.022257168790196;-34.90635961083074;2025-02-11 00:00:00+00:00;2025;2;0;madrugada;Homicidio/Tentativa;Não identificado;False;False;False;1;0;1;1;0;0;0;True
b8034654-fbb2-4bdc-ad35-3301ece2c75d;69815;Várzea;VARZEA;R. Estevão de Sá - Várzea, Recife - PE, 50740-270, Brasil;-8.040597582450593;-34.949061400398456;2025-02-11 00:00:00+00:00;2025;2;0;madrugada;Homicidio/Tentativa;;False;False;False;1;0;1;1;0;0;0;True
7dc15393-d551-4617-b96b-23bd9f233212;69803;Dois Unidos;DOIS UNIDOS;Rua Francisco Paulo dos Santos - Dois Unidos, Recife - PE, Brasil;-8.0027955;-34.9034967;2025-02-11 00:00:00+00:00;2025;2;0;madrugada;Homicidio/Tentativa;Não identificado;False;False;False;1;0;1;1;0;0;0;True
69bad06b-8324-4a8d-9c06-e9bce295ac1c;69875;Prado;PRADO;R. Armando Soriano - Prado, Recife - PE, 50630-470, Brasil;-8.05705174801766;-34.921064498800526;2025-02-14 00:00:00+00:00;2025;2;0;madrugada;Homicidio/Tentativa;;False;False;False;1;0;1;1;0;0;0;True
e974a8e3-f725-456e-802f-4c6d5a2be98c;69912;Cordeiro;CORDEIRO;Vapor 82 - R. Gomes Taborda - Cordeiro, Recife - PE, 50630-255, Brasil;-8.054351621844047;-34.92665663552381;2025-02-15 00:00:00+00:00;2025;2;0;madrugada;Homicidio/Tentativa;Suicídio;False;False;False;0;4;4;0;4;0;0;True
66eb8cb0-d1ff-4fe3-9f6d-01a537df971c;69914;Ibura;IBURA;R. Sagres - Ibura, Recife - PE, 51240-330, Brasil;-8.129403727486372;-34.93933961150239;2025-02-16 00:00:00+00:00;2025;2;0;madrugada;Homicidio/Tentativa;;False;False;False;1;0;1;1;0;0;0;True
9186f65f-bffb-4de1-88cf-7376fe73ea46;69913;Boa Viagem;BOA VIAGEM;Ilha dos Navegantes - Rua dos Navegantes - Boa Viagem, Recife - PE, 51020-210, Brasil;-8.115;-34.8930556;2025-02-16 00:00:00+00:00;2025;2;0;madrugada;Briga;Homicidio/Tentativa;False;False;False;1;0;1;1;0;0;0;True
98f99d0e-9f19-4a94-8b72-7ec770f46dfd;69921;Brejo da Guabiraba;BREJO DA GUABIRABA;R. Monte Celeste - Brejo da Guabiraba, Recife - PE, 52291-130, Brasil;-7.992874036908507;-34.93537369448546;2025-02-16 00:00:00+00:00;2025;2;0;madrugada;Homicidio/Tentativa;;False;False;False;1;0;1;1;0;0;0;True
6f66abf7-1686-4f4b-9b3c-b6e1136a05e8;69915;Afogados;AFOGADOS;R. Três de Agosto - Afogados, Recife - PE, 50830-540, Brasil;-8.074051021312574;-34.91057415678256;2025-02-16 00:00:00+00:00;2025;2;0;madrugada;Homicidio/Tentativa;;False;False;False;1;0;1;1;0;0;0;True
1be26459-3a4a-46bd-b62a-56ffc1698c86;69918;Ilha Joana Bezerra;ILHA JOANA BEZERRA;Comunidade do Coque - R. Bragantina - Ilha Joana Bezerra, Recife - PE, 50080-690, Brasil;-8.0730151;-34.8999096;2025-02-16 00:00:00+00:00;2025;2;0;madrugada;Homicidio/Tentativa;;False;False;False;1;0;1;1;0;0;0;True
705d19bc-1840-4fa8-ad78-2d63453ad5a9;69917;Água Fria;AGUA FRIA;R. Xavier de Brito - Água Fria, Recife - PE, 52120-270, Brasil;-8.021565601115627;-34.88850569880125;2025-02-16 00:00:00+00:00;2025;2;0;madrugada;Homicidio/Tentativa;;False;False;False;1;0;1;1;0;0;0;True
3f48267f-ffbf-4331-976c-196a6db372ed;69916;Várzea;VARZEA;Av. Pref. Antônio Pereira - Várzea, Recife - PE, Brasil;-8.063909631921707;-34.983564813092286;2025-02-16 00:00:00+00:00;2025;2;0;madrugada;Homicidio/Tentativa;;False;False;False;1;0;1;1;0;0;0;True
06b6b00b-ca8b-47b3-a56c-ea004027f753;69937;Dois Unidos;DOIS UNIDOS;R. Jacarandira - Dois Unidos, Recife - PE, 52140-205, Brasil;-8.003835596436733;-34.90493118717343;2025-02-17 00:00:00+00:00;2025;2;0;madrugada;Ação policial;;True;True;False;0;1;1;0;1;0;0;True
90e5a1d8-f588-48c9-9f15-900375269e83;69938;Pina;PINA;Pina, Recife - PE, Brasil;-8.095195;-34.88581569999999;2025-02-17 00:00:00+00:00;2025;2;0;madrugada;Homicidio/Tentativa;;False;False;False;0;1;1;0;1;0;0;True
903ac756-b6dc-4063-8e83-90d5c9ad0218;69957;Dois Unidos;DOIS UNIDOS;Vila do Tetra - Dois Unidos, Recife - PE, 50720-415, Brasil;-7.99373739693141;-34.91030461130397;2025-02-18 00:00:00+00:00;2025;2;0;madrugada;Homicidio/Tentativa;;False;False;False;0;1;1;0;1;0;0;True
2048f408-b0d5-40b3-a3a2-214acf960284;69962;Arruda;ARRUDA;R. das Moças - Água Fria, Recife - PE, 52120-320, Brasil;-8.024476184315382;-34.88762753842659;2025-02-18 00:00:00+00:00;2025;2;0;madrugada;Homicidio/Tentativa;;False;False;False;0;1;1;0;1;0;0;True
79018228-3ad4-456d-9f16-72d47b29241c;69959;Areias;AREIAS;Comunidade do Iraque - Areias, Recife - PE, 50865-000, Brasil;-8.0882235;-34.92888167;2025-02-18 00:00:00+00:00;2025;2;0;madrugada;Briga;;False;False;False;0;1;1;0;1;0;0;True
1ee92a9d-4e45-47df-9149-cd6f65fc2bbd;69981;Iputinga;IPUTINGA;Iputinga, Recife - PE, Brasil;-8.0367116;-34.9353394;2025-02-19 00:00:00+00:00;2025;2;0;madrugada;Tentativa/Roubo;;False;False;False;0;1;1;0;1;0;0;True
a3fb952d-a6dd-44ce-8676-e67640f5407a;69983;Coqueiral;COQUEIRAL;Alto da Bela Vista - R. Acarape - Coqueiral, Jaboatão dos Guararapes - PE, 50791-200, Brasil;-8.085868724157242;-34.96689087521548;2025-02-19 21:30:00+00:00;2025;2;21;noite;Homicidio/Tentativa;;False;False;False;1;0;1;1;0;0;0;True
c1d2588f-2990-4971-987f-bb2d4e87fffe;70004;Jardim São Paulo;JARDIM SAO PAULO;Av. São Paulo - Jardim São Paulo, Recife - PE, 50910-250, Brasil;-8.081350491311174;-34.939991741127336;2025-02-20 00:00:00+00:00;2025;2;0;madrugada;Homicidio/Tentativa;;False;False;False;1;0;1;1;0;0;0;True
ddb31df5-0dee-4554-8fcf-00036b01b0e0;69984;Ilha Joana Bezerra;ILHA JOANA BEZERRA;Comunidade do Coque - R. Nova Aurora - Ilha Joana Bezerra, Recife - PE, 50080-620, Brasil;-8.074200436152122;-34.90195050432601;2025-02-20 02:30:00+00:00;2025;2;2;madrugada;Homicidio/Tentativa;;False;False;False;1;0;1;1;0;0;0;True
c6894ae6-d5e3-44cd-9e96-2530470a04fc;70016;Campina do Barreto;CAMPINA DO BARRETO;Comunidade Chão de Estrelas - Campo da Campina do Barreto - Campina do Barreto, Recife - PE, Brasil;-8.0166572;-34.8820457;2025-02-21 00:00:00+00:00;2025;2;0;madrugada;Homicidio/Tentativa;Não identificado;False;False;False;2;0;2;2;0;0;0;True
79af242d-0b89-4bac-b9af-771d1300ea36;70226;Afogados;AFOGADOS;Vila São Miguel - Afogados, Recife - PE, 50770-660, Brasil;-8.081779179534315;-34.9132327342734;2025-02-21 00:00:00+00:00;2025;2;0;madrugada;Homicidio/Tentativa;Não identificado;False;False;False;1;0;1;1;0;0;0;True
70f417b9-db33-4df8-8768-b6e42afb8d42;70015;Iputinga;IPUTINGA;Iputinga, Recife - PE, Brasil;-8.0367116;-34.9353394;2025-02-21 00:00:00+00:00;2025;2;0;madrugada;Homicidio/Tentativa;Não identificado;False;False;False;1;0;1;1;0;0;0;True
48417ee8-def1-4676-8f0f-19b6e513b640;70038;Bomba do Hemetério;BOMBA DO HEMETERIO;R. Arapixuna - Bomba do Hemetério, Recife - PE, 52211-010, Brasil;-8.018323845437775;-34.9045787939306;2025-02-23 00:00:00+00:00;2025;2;0;madrugada;Homicidio/Tentativa;;False;False;False;1;0;1;1;0;0;0;True
f204b02f-0e2d-4d1f-a25a-a6dd28fae61d;70081;Areias;AREIAS;Areias, Recife - PE, Brasil;-8.0933832;-34.9315393;2025-02-25 00:00:00+00:00;2025;2;0;madrugada;Homicidio/Tentativa;;False;False;False;0;1;1;0;1;0;0;True
4e925a76-745a-4903-b3d8-1e900b3b0e1a;70082;Casa Amarela;CASA AMARELA;Alto Santa Isabel - Casa Amarela, Recife - PE, 52070-480, Brasil;-8.02378695;-34.922862;2025-02-25 00:00:00+00:00;2025;2;0;madrugada;Tentativa/Roubo;;False;False;False;0;0;0;0;0;0;0;False
a56f9b70-201d-4b37-8e2b-631d256880c8;70079;Jiquiá;JIQUIA;R. Vista Nova - Jiquiá, Recife - PE, 50771-190, Brasil;-8.089554170509343;-34.91963981229086;2025-02-25 00:00:00+00:00;2025;2;0;madrugada;Homicidio/Tentativa;;False;False;False;1;0;1;1;0;0;0;True
cbf0817d-beae-4ba9-87c2-4e97714b9c64;70083;Dois Unidos;DOIS UNIDOS;R. Padre Cícero - Dois Unidos, Recife - PE, 52150-080, Brasil;-8.004747948739542;-34.910459321949844;2025-02-25 00:00:00+00:00;2025;2;0;madrugada;Homicidio/Tentativa;;False;False;False;0;1;1;0;1;0;0;True
3778354e-a21d-453b-85e2-88de898b1060;70098;Afogados;AFOGADOS;R. Cel. Oliveira - Afogados, Recife - PE, 50830-430, Brasil;-8.069446121467143;-34.91266276546241;2025-02-26 00:00:00+00:00;2025;2;0;madrugada;Homicidio/Tentativa;;False;False;False;1;0;1;1;0;0;0;True
b476a31d-75cd-45cb-8f30-1e4f936b0919;70118;Passarinho;PASSARINHO;Rua Rosa Selvagem - Passarinho, Recife - PE, Brasil;-7.9916016;-34.9265267;2025-02-27 00:00:00+00:00;2025;2;0;madrugada;Homicidio/Tentativa;;False;False;False;1;0;1;1;0;0;0;True
486ed7d0-bbb1-454c-b510-8279fb7561f9;70130;Torrões;TORROES;Praça de Roda de Fogo - Comunidade Roda de Fogo - R. Av Professor Artur Coutinho - Torrões, Recife - PE, 50650-290, Brasil;-8.057987274306035;-34.937013313394004;2025-02-28 00:00:00+00:00;2025;2;0;madrugada;Homicidio/Tentativa;;False;False;False;1;3;4;1;3;0;0;True
4f52fdea-abad-4db1-a1a1-a8e75daacab6;70144;Mangueira;MANGUEIRA;Rua Doutor Arsênio Taváres - Mangueira, Recife - PE, Brasil;-8.0763214;-34.920387;2025-03-02 00:00:00+00:00;2025;3;0;madrugada;Homicidio/Tentativa;;False;False;False;1;0;1;1;0;0;0;True
a2499c45-aacc-4466-a781-999bc569cd8a;70146;São José;SAO JOSE;São José, Recife - PE, Brasil;-8.071921699999999;-34.8821777;2025-03-02 00:00:00+00:00;2025;3;0;madrugada;Briga;;False;False;False;1;0;1;1;0;0;0;True
89664b73-4447-4a84-acdd-9a3ce2f75571;70152;Passarinho;PASSARINHO;Rua Visconde de Garrett - Passarinho, Recife - PE, Brasil;-7.9838348;-34.9195369;2025-03-02 00:00:00+00:00;2025;3;0;madrugada;Homicidio/Tentativa;Não identificado;False;False;False;1;0;1;1;0;0;0;True
6721c62f-248e-475e-9570-ea3f0da54cce;70154;Várzea;VARZEA;Rua Estevão de Sá - Várzea, Recife - PE, Brasil;-8.0406972;-34.9490696;2025-03-03 00:00:00+00:00;2025;3;0;madrugada;Homicidio/Tentativa;Não identificado;False;False;False;2;0;2;2;0;0;0;True
4a0dd46f-3530-436c-a75d-bf34af7ca610;70151;Santo Amaro;SANTO AMARO;Av. Norte - Santo Amaro, Recife - PE, 52021-170, Brasil;-8.042987794155728;-34.884827176185844;2025-03-03 00:00:00+00:00;2025;3;0;madrugada;Homicidio/Tentativa;Não identificado;False;False;False;1;0;1;1;0;0;0;True
b63390a3-0a7f-41b3-a7b9-355d64581142;70180;Brejo da Guabiraba;BREJO DA GUABIRABA;Córrego Jose Idalino - R. Córrego da Loira - Brejo da guabiraba, Recife - PE, 52291-500, Brasil;-7.996005473172205;-34.93627934114351;2025-03-04 00:00:00+00:00;2025;3;0;madrugada;Homicidio/Tentativa;;False;False;False;1;0;1;1;0;0;0;True
bc55e223-bbfc-4772-b975-55118db19695;70181;Água Fria;AGUA FRIA;Alto do Pascoal - R. Ladeira de Pedra - Água Fria, Recife - PE, 52111-430, Brasil;-8.016173360013541;-34.90025733067412;2025-03-04 00:00:00+00:00;2025;3;0;madrugada;Homicidio/Tentativa;;False;False;False;1;0;1;1;0;0;0;True
ac8186d2-0584-49f6-abf5-57709fd9483d;70199;Jardim São Paulo;JARDIM SAO PAULO;Tv. Bauru - Jardim São Paulo, Recife - PE, 50920-150, Brasil;-8.083212947268683;-34.94736425124833;2025-03-05 00:00:00+00:00;2025;3;0;madrugada;Homicidio/Tentativa;;False;False;False;1;0;1;1;0;0;0;True
e9b25ab5-a6a4-4039-96b3-6b3731241894;70197;Macaxeira;MACAXEIRA;Córrego do Eucalipto - Rua Carlos Marighella - Macaxeira, Recife - PE, Brasil;-8.0067027;-34.9310197;2025-03-05 00:00:00+00:00;2025;3;0;madrugada;Homicidio/Tentativa;;False;False;False;1;0;1;1;0;0;0;True
4f917a26-2bc7-4f20-81eb-d45fb384acbc;70213;Jiquiá;JIQUIA;R. Ten. Mindelo - Jiquiá, Recife - PE, 50761-415, Brasil;-8.0756589;-34.9272809;2025-03-06 00:00:00+00:00;2025;3;0;madrugada;Homicidio/Tentativa;;False;False;False;1;0;1;1;0;0;0;True
fcf7fdf8-9b32-454a-867b-31bf6ceb672e;70212;Passarinho;PASSARINHO;Vila Nossa Senhora da Conceição - Rua Beija-flor - Passarinho, Recife - PE, 53170-110, Brasil;-7.980430472153146;-34.917291066830046;2025-03-06 22:20:00+00:00;2025;3;22;noite;Homicidio/Tentativa;;False;False;False;1;0;1;1;0;0;0;True
603730b4-2595-4c3d-87b1-576e80edb451;70261;Guabiraba;GUABIRABA;Vila Aritana, Estr. dos Macacos, Guabiraba, Recife - PE, 52171-215, Brasil;-7.99567323495489;-34.95460086686477;2025-03-08 10:00:00+00:00;2025;3;10;manha;Homicidio/Tentativa;Não identificado;False;False;False;1;0;1;1;0;0;0;True
c400ec5e-a405-4550-90a7-0d6f5af8842a;70258;Zumbí;ZUMBI;R. Paraguassú, Zumbi, Recife - PE, 50711-020, Brasil;-8.04999541412425;-34.91659063372955;2025-03-08 16:00:00+00:00;2025;3;16;tarde;Homicidio/Tentativa;Não identificado;False;False;False;1;0;1;1;0;0;0;True
e628681a-2ce0-4745-bddf-0b23d420d726;70254;Água Fria;AGUA FRIA;Alto do Pascoal, Água Fria, Recife - PE, 52111-611, Brasil;-8.015886;-34.9016762;2025-03-08 22:00:00+00:00;2025;3;22;noite;Homicidio/Tentativa;Não identificado;False;False;False;1;0;1;1;0;0;0;True
232eb9da-cf7b-4db6-ae6a-bb2ef0623e5b;70255;Campo Grande;CAMPO GRANDE;R. Marquês de Baipendi, Campo Grande, Recife - PE, 52040-080, Brasil;-8.0266648;-34.8849632;2025-03-08 22:00:00+00:00;2025;3;22;noite;Homicidio/Tentativa;Não identificado;False;False;False;1;0;1;1;0;0;0;True
8aeee89e-6614-48d8-b762-d9de6b768059;70257;Dois Unidos;DOIS UNIDOS;Alto do Maracanã, Rua Dorândia, Dois Unidos, Recife - PE, 52140-300, Brasil;-8.0041486;-34.9059681;2025-03-08 22:00:00+00:00;2025;3;22;noite;Homicidio/Tentativa;Não identificado;False;False;False;1;0;1;1;0;0;0;True
9327338e-10b5-4fd2-bdf2-a28d7985e92a;70282;Ibura;IBURA;Ibura, Recife - PE, 51260-550, Brasil;-8.128559189504832;-34.94170006071321;2025-03-09 00:00:00+00:00;2025;3;0;madrugada;Homicidio/Tentativa;Não identificado;False;False;False;1;0;1;1;0;0;0;True
f207899f-6959-4038-a92c-4d222e19e456;70270;Afogados;AFOGADOS;Afogados, Recife - PE, Brasil;-8.071093;-34.9094797;2025-03-09 00:00:00+00:00;2025;3;0;madrugada;Homicidio/Tentativa;Não identificado;False;False;False;0;1;1;0;1;0;0;True
5417356b-72c4-46f1-a557-7cfed76005f3;70271;Afogados;AFOGADOS;Rua Cosme Viana - Afogados, Recife - PE, Brasil;-8.071093;-34.9094797;2025-03-09 00:00:00+00:00;2025;3;0;madrugada;Homicidio/Tentativa;;False;False;False;1;0;1;1;0;0;0;True
abcf327d-7e96-4028-9480-c66ec9fc126b;70265;Torre;TORRE;Torre, Recife - PE, 50710-140, Brasil;-8.045072276754262;-34.911247944180296;2025-03-09 10:00:00+00:00;2025;3;10;manha;Homicidio/Tentativa;Não identificado;False;False;False;1;0;1;1;0;0;0;True
6c3b3ad0-0134-462a-add2-40298b2c3724;70683;Brejo da Guabiraba;BREJO DA GUABIRABA;Brejo da Guabiraba, Recife - PE, Brasil;-7.9930038;-34.9327449;2025-03-11 00:00:00+00:00;2025;3;0;madrugada;Homicidio/Tentativa;;False;False;False;1;0;1;1;0;0;0;True
7ff7f419-7841-438f-83c3-6ce7a027a4d0;70301;Jordão;JORDAO;R. Profa. Arcelina Câmara, Jordão, Recife - PE, 51250-220, Brasil;-8.1382976;-34.9342288;2025-03-12 03:00:00+00:00;2025;3;3;madrugada;Homicidio/Tentativa;Não identificado;False;False;False;1;0;1;1;0;0;0;True
f95c3e64-1939-4927-9b7b-195bc4f9419c;70349;Mangueira;MANGUEIRA;Mangueira, Recife - PE, Brasil;-8.0766438;-34.9210276;2025-03-14 00:00:00+00:00;2025;3;0;madrugada;Homicidio/Tentativa;Não identificado;False;False;False;0;1;1;0;1;0;0;True
c978916c-dcd8-4efb-98b5-92c5226d0eba;70361;Ilha do Retiro;ILHA DO RETIRO;Ilha do Retiro, Recife - PE, 52010-080, Brasil;-8.06221225421348;-34.90087809786988;2025-03-14 00:00:00+00:00;2025;3;0;madrugada;Homicidio/Tentativa;Não identificado;False;False;False;1;0;1;1;0;0;0;True
3a227542-a17c-45b8-b984-9ff5d3d213b2;70340;Brejo de Beberibe;BREJO DE BEBERIBE;R. Sitio Dos Nobres, Brejo de Beberibe, Recife - PE, 52191, Brasil;-7.997487876537116;-34.92462174543839;2025-03-14 00:00:00+00:00;2025;3;0;madrugada;Homicidio/Tentativa;Não identificado;False;False;False;1;0;1;1;0;0;0;True
d1dac4e6-d6e0-407b-90c6-e5e86aaee474;70385;Nova Descoberta;NOVA DESCOBERTA;R. Sen. Oscar Passos, Nova Descoberta, Recife - PE, 52091-535, Brasil;-7.9972162;-34.9294502;2025-03-15 22:00:00+00:00;2025;3;22;noite;Homicidio/Tentativa;Não identificado;False;False;False;1;0;1;1;0;0;0;True
f1fc3e78-a55d-4a15-9993-9acff4164998;70398;Ilha Joana Bezerra;ILHA JOANA BEZERRA;Comunidade Coque, R. Cabo Eutrópio, Ilha Joana Bezerra, Recife - PE, 50090-590, Brasil;-8.073002479738248;-34.900601026983644;2025-03-16 19:00:00+00:00;2025;3;19;noite;Homicidio/Tentativa;Não identificado;False;False;False;1;0;1;1;0;0;0;True
ec4b74bb-f4b0-45d0-9601-f740b475ce40;70409;Sancho;SANCHO;Jardim Planalto, AV Garota de Ipanema, Sancho, Recife - PE, 50920-680, Brasil;-8.0842513;-34.959298;2025-03-17 00:00:00+00:00;2025;3;0;madrugada;Homicidio/Tentativa;Não identificado;False;False;False;0;1;1;0;1;0;0;True
32c800c5-b44e-4cd3-8930-dcf5035105e7;70397;Coqueiral;COQUEIRAL;R. Prof. Rutilho, Coqueiral, Recife - PE, 50791-040, Brasil;-8.088520298175684;-34.966665392065416;2025-03-17 02:40:00+00:00;2025;3;2;madrugada;Homicidio/Tentativa;Não identificado;False;False;False;1;0;1;1;0;0;0;True
3612994a-2c53-4b6e-89b1-33d6933ed412;70433;Várzea;VARZEA;Av. Afonso Olindense, Várzea, Recife - PE, 50810-000, Brasil;-8.040219976627135;-34.95783304418031;2025-03-18 20:53:00+00:00;2025;3;20;noite;Tentativa/Roubo;Homicidio/Tentativa;False;True;False;0;0;0;0;0;0;0;False
7d69dbc0-57de-4956-a2c0-3001f1815298;70437;Ipsep;IPSEP;Rua Saldanha Marinho - Ipsep, Recife - PE, Brasil;-8.115324;-34.9203823;2025-03-18 21:10:00+00:00;2025;3;21;noite;Homicidio/Tentativa;Não identificado;False;False;False;1;0;1;1;0;0;0;True
b0e6a07b-78a5-49dd-9376-6fac64fa8a32;70428;Ilha Joana Bezerra;ILHA JOANA BEZERRA;Avenida Governador Agamenon Magalhães - Comunidade do Coque, Ilha Joana Bezerra, Recife - PE, Brasil;-8.0686141;-34.8967607;2025-03-18 21:32:00+00:00;2025;3;21;noite;Homicidio/Tentativa;Não identificado;False;False;False;1;1;2;1;1;0;0;True
aa297d75-36fe-457c-a451-42f160122c29;70427;Brejo da Guabiraba;BREJO DA GUABIRABA;R. Sr. do Bonfim, Brejo da Guabiraba, Recife - PE, 52291-270, Brasil;-7.989838541321942;-34.93472619816678;2025-03-18 21:50:00+00:00;2025;3;21;noite;Homicidio/Tentativa;Não identificado;False;False;False;1;0;1;1;0;0;0;True
4424213c-47e6-45b1-85fe-73bd97b9a150;70480;Cordeiro;CORDEIRO;R. Alaíde, Cordeiro, Recife - PE, 50721-080, Brasil;-8.0507697;-34.9271148;2025-03-19 20:30:00+00:00;2025;3;20;noite;Tentativa/Roubo;Homicidio/Tentativa;False;False;False;0;1;1;0;1;0;0;True
04406074-c898-4916-bb3b-8834a0c8be83;70453;Guabiraba;GUABIRABA;Rodovia Governador Mário Covas BR-101, Guabiraba, Recife - PE, 52170-540, Brasil;-7.970317077969448;-34.92082717539367;2025-03-19 22:00:00+00:00;2025;3;22;noite;Tentativa/Roubo;Homicidio/Tentativa;False;True;False;0;0;0;0;0;0;0;False
b0b676d8-b79f-44e6-9f02-12bcbbc293a4;70478;Iputinga;IPUTINGA;Av. Caxangá - Iputinga, Recife - PE, 50721-000, Brasil;-8.0436325;-34.9334921;2025-03-20 02:00:00+00:00;2025;3;2;madrugada;Ação policial;Não identificado;True;True;False;0;0;0;0;0;0;0;False
190a0268-2a74-41ea-96a9-77a251a74c47;70504;Passarinho;PASSARINHO;Alto de Santa Tereza, Passarinho, Recife - PE, 52390-495, Brasil;-7.9878752;-34.9265591;2025-03-21 00:00:00+00:00;2025;3;0;madrugada;Homicidio/Tentativa;Não identificado;False;False;False;1;0;1;1;0;0;0;True
07458037-f2b2-4885-a672-0772031f3402;70531;Ipsep;IPSEP;R. Padre Lima e Sá, Ipsep, Recife - PE, 51350-300, Brasil;-8.111381;-34.9257777;2025-03-21 19:30:00+00:00;2025;3;19;noite;Homicidio/Tentativa;Não identificado;False;False;False;1;0;1;1;0;0;0;True
2b492f48-e4eb-47bc-81a9-2810324898ce;70527;Pina;PINA;Comunidade do Bode, R. Boa Aventura Rodrigues, Pina, Recife - PE, 51011-320, Brasil;-8.0941385;-34.8887418;2025-03-22 00:00:00+00:00;2025;3;0;madrugada;Homicidio/Tentativa;Não identificado;False;False;False;1;0;1;1;0;0;0;True
f39fae7a-fa26-4710-856b-1052c0f89705;70525;Dois Unidos;DOIS UNIDOS;Comunidade Bad Boy - R. da Paz, Dois Unidos, Recife - PE, 52165-270, Brasil;-7.996397;-34.9231952;2025-03-22 22:00:00+00:00;2025;3;22;noite;Homicidio/Tentativa;Não identificado;False;False;False;1;0;1;1;0;0;0;True
02125c7e-257b-4252-968e-cc1c2b48b1b4;70547;Coelhos;COELHOS;Coelhos, Recife - PE, Brasil;-8.068171099999999;-34.8893137;2025-03-24 00:00:00+00:00;2025;3;0;madrugada;Homicidio/Tentativa;;False;False;False;1;0;1;1;0;0;0;True
fb13570c-7c5b-4756-8c37-701ac19bd064;70546;Jordão;JORDAO;Av Beira Rio, Jordão, Recife - PE, Brasil;-8.135956199999999;-34.935617;2025-03-24 00:00:00+00:00;2025;3;0;madrugada;Homicidio/Tentativa;;False;False;False;0;1;1;0;1;0;0;True
1a97e909-9d3c-4483-8ac0-750b1ad99e1c;70537;Pina;PINA;Praia do Pina, Pina, Recife - PE, 51011-000, Brasil;-8.095019215059699;-34.88202150395202;2025-03-24 13:30:00+00:00;2025;3;13;tarde;Homicidio/Tentativa;Não identificado;False;False;False;0;3;3;0;3;0;0;True
6716b336-35ff-46e5-9c84-4c905e60c4bf;70560;Afogados;AFOGADOS;Estr. dos Remédios - Afogados, Recife - PE, 50750-360, Brasil;-8.069224498390291;-34.90843830860698;2025-03-25 00:00:00+00:00;2025;3;0;madrugada;Homicidio/Tentativa;;False;True;False;0;0;0;0;0;0;0;False
91d4773b-59b7-4e9a-89f8-730cd3909655;70574;Brasília Teimosa;BRASILIA TEIMOSA;Brasília Teimosa, Recife - PE, Brasil;-8.0834808;-34.880349;2025-03-26 00:00:00+00:00;2025;3;0;madrugada;Homicidio/Tentativa;Não identificado;False;False;False;0;1;1;0;1;0;0;True
b325eded-bbe9-4102-91d7-2232d6663a30;70576;Boa Vista;BOA VISTA;Auto Capas Cabral - Rua José de Alencar - Boa Vista, Recife - PE, Brasil;-8.0633838;-34.890111;2025-03-26 00:00:00+00:00;2025;3;0;madrugada;Homicidio/Tentativa;Não identificado;False;False;False;1;0;1;1;0;0;0;True
9d68ba07-f216-42ac-b2f4-77be79de4e60;70597;Campo Grande;CAMPO GRANDE;R. de Amaro Francisco de Souza - Campo Grande, Recife - PE, 52040-083, Brasil;-8.026364637837808;-34.88538979218135;2025-03-27 00:00:00+00:00;2025;3;0;madrugada;Homicidio/Tentativa;;False;False;False;2;0;2;2;0;0;0;True
860ae812-0919-4b49-bd92-d2c543626758;70596;Dois Unidos;DOIS UNIDOS;R. Monsenhor Viana - Dois Unidos, Recife - PE, 52140-190, Brasil;-8.005345999977322;-34.90662445954726;2025-03-27 00:00:00+00:00;2025;3;0;madrugada;Homicidio/Tentativa;;False;False;False;1;0;1;1;0;0;0;True
4328afd0-7d14-4402-8d5a-8eaaa86ab738;70615;Imbiribeira;IMBIRIBEIRA;Av. Sul Gov. Cid Sampaio - Imbiribeira, Recife - PE, 50090-010, Brasil;-8.100154718394217;-34.907113740721115;2025-03-28 00:00:00+00:00;2025;3;0;madrugada;Homicidio/Tentativa;;False;False;False;0;0;0;0;0;0;0;False
8945ada0-3f19-401f-b03b-2a21fdeee691;70616;Jardim São Paulo;JARDIM SAO PAULO;Jardim São Paulo, Recife - PE, Brasil;-8.0799471;-34.942802;2025-03-28 00:00:00+00:00;2025;3;0;madrugada;Homicidio/Tentativa;;False;False;False;0;1;1;0;1;0;0;True
7d1a3108-0fd9-440b-a949-95aecdda14b6;70645;Curado;CURADO;CEASA PE, Curado, Recife, PE, Brasil;-8.071481107173698;-34.94303094116326;2025-03-29 00:00:00+00:00;2025;3;0;madrugada;Homicidio/Tentativa;;False;False;False;1;1;2;1;1;0;0;True
33837c73-9e2b-4356-8264-32e6ddf3e047;70644;Pina;PINA;Conjunto Habitacional Brasília Teimosa - R. Ivonete Ferreira da Silva - Pina, Recife - PE, 51011-685, Brasil;-8.0852766018562;-34.88475364571058;2025-03-30 00:00:00+00:00;2025;3;0;madrugada;Homicidio/Tentativa;;False;False;False;1;0;1;1;0;0;0;True
ca0697b4-5314-4f6e-8df6-a941d764b50d;70665;Ilha Joana Bezerra;ILHA JOANA BEZERRA;Av. Des. Guerra Barreto - Ilha Joana Bezerra, Recife - PE, 50030-230, Brasil;-8.0687095;-34.8963496;2025-03-31 00:00:00+00:00;2025;3;0;madrugada;Homicidio/Tentativa;;False;False;False;1;0;1;1;0;0;0;True
5dab37b8-6765-46a7-abc8-25976d931330;71089;Iputinga;IPUTINGA;Conjunto Habitacional Abençoado por Deus - Iputinga, Recife - PE, 50731-490, Brasil;-8.03841294798075;-34.93075782337637;2025-03-31 00:00:00+00:00;2025;3;0;madrugada;Homicidio/Tentativa;;False;False;False;1;0;1;1;0;0;0;True
1a9cfb90-74c6-4837-8f0c-20b29df83e07;70671;Cohab;COHAB;UR 5 - Rua Vale do Itajaí - COHAB, Recife - PE, Brasil;-8.130946051300112;-34.94973780554462;2025-03-31 21:30:00+00:00;2025;3;21;noite;Homicidio/Tentativa;Não identificado;False;False;False;0;1;1;0;1;0;0;True
2de30f97-e8f9-4f26-b61e-a93eeb64d180;70680;Água Fria;AGUA FRIA;Alto do Deodato - R. Prof. Adalberto Neves - Água Fria, Recife - PE, 52211-417, Brasil;-8.015811149533192;-34.89710752705394;2025-04-01 00:00:00+00:00;2025;4;0;madrugada;Homicidio/Tentativa;;False;False;False;1;0;1;1;0;0;0;True
ad65a36e-e416-4268-b99b-4a25abb31d0f;70689;Brejo de Beberibe;BREJO DE BEBERIBE;Comunidade Bad Boy - Brejo de Beberibe, Recife - PE, Brasil;-7.99468780083537;-34.92548687671064;2025-04-01 00:00:00+00:00;2025;4;0;madrugada;Tiros a esmo;Disputa;False;False;False;0;0;0;0;0;0;0;False
519a22cb-9064-4f18-850e-95932fae7d68;70685;Jardim São Paulo;JARDIM SAO PAULO;BR-101 - Jardim São Paulo, Recife - PE, 50790-640, Brasil;-8.083584627314902;-34.94376529141729;2025-04-01 00:00:00+00:00;2025;4;0;madrugada;Homicidio/Tentativa;;False;False;False;1;0;1;1;0;0;0;True
3c94419c-0cce-4ef7-bb0b-bf8c8219ddfa;70711;Curado;CURADO;CEASA - Centro de Abastecimento e Logística de Pernambuco, Estrada Particular Terminal Integrado do Barro (Sul - BR-101 - Curado, Recife - PE, Brasil;-8.0716501;-34.9429965;2025-04-02 00:00:00+00:00;2025;4;0;madrugada;Tentativa/Roubo;Tiros a esmo;False;False;False;0;0;0;0;0;0;0;False
fe9efe7e-e98a-4d1d-9cff-c31a4392495f;70728;Jardim São Paulo;JARDIM SAO PAULO;R. José de Almeida Seixas - Jardim São Paulo, Recife - PE, 50910-150, Brasil;-8.084170907385273;-34.93993572906183;2025-04-03 00:00:00+00:00;2025;4;0;madrugada;Homicidio/Tentativa;;False;True;False;1;0;1;0;0;1;0;True
fbb9f4ee-bdef-4a37-9768-84f1e2f618b9;70770;Pina;PINA;R. das Flôres de Maio - Pina, Recife - PE, 51010-174, Brasil;-8.085844728118415;-34.88460943375188;2025-04-06 00:00:00+00:00;2025;4;0;madrugada;Homicidio/Tentativa;;False;False;False;1;0;1;1;0;0;0;True
1ec47383-8aae-443c-b050-b0003d7fb703;70772;Cordeiro;CORDEIRO;Av. Caxangá - Cordeiro, Recife - PE, 50721-000, Brasil;-8.048711137721492;-34.92444925085594;2025-04-06 00:00:00+00:00;2025;4;0;madrugada;Tentativa/Roubo;;False;True;False;0;0;0;0;0;0;0;False
5e2b236d-8f15-4278-9ab7-98dbeeddcd4b;70814;Madalena;MADALENA;R. Rev. Samuel Falcão - Madalena, Recife - PE, 50610-260, Brasil;-8.05270268004865;-34.91170163200604;2025-04-08 00:00:00+00:00;2025;4;0;madrugada;Homicidio/Tentativa;;False;False;False;1;0;1;1;0;0;0;True
f2148615-81a0-4ffd-91a0-6c6a11691ba1;70822;Alto José do Pinho;ALTO JOSE DO PINHO;Alto José do Pinho, Recife - PE, Brasil;-8.0230782;-34.9079298;2025-04-08 00:00:00+00:00;2025;4;0;madrugada;Homicidio/Tentativa;Não identificado;False;False;False;0;1;1;0;1;0;0;True
41b78768-0101-46aa-b860-db86659a17d7;70811;Bomba do Hemetério;BOMBA DO HEMETERIO;Rua Arapixuna - Bomba do Hemetério, Recife - PE, Brasil;-8.0187539;-34.9044269;2025-04-08 00:00:00+00:00;2025;4;0;madrugada;Homicidio/Tentativa;;False;False;False;1;0;1;1;0;0;0;True
c7d4b664-111e-412a-9610-b32ee4289911;70838;Várzea;VARZEA;R. Dr. Corrêa da Silva - Várzea, Recife - PE, 50741, Brasil;-8.04821223411241;-34.95833127266816;2025-04-09 00:00:00+00:00;2025;4;0;madrugada;Homicidio/Tentativa;;False;False;False;1;0;1;1;0;0;0;True
784481af-da86-4597-9b08-8e4c675b6452;70954;Ilha do Retiro;ILHA DO RETIRO;Comunidade Caranguejo Tabaiares - Ilha do Retiro, Recife - PE, 50750-230, Brasil;-8.06569388;-34.90628472;2025-04-09 00:00:00+00:00;2025;4;0;madrugada;Ação policial;;True;True;False;0;1;1;0;1;0;0;True
88b06aad-de2f-4e47-b103-f93273ec8b80;70865;Torrões;TORROES;Comunidade Roda de Fogo - R. Oito de Fevereiro - Torrões, Recife - PE, 50660-270, Brasil;-8.059255243069185;-34.9401082478733;2025-04-10 00:00:00+00:00;2025;4;0;madrugada;Homicidio/Tentativa;;False;False;False;1;0;1;1;0;0;0;True
78961bdb-8842-4fb1-a77f-fa04bee4615f;70861;Madalena;MADALENA;Madalena, Recife - PE, Brasil;-8.053580199999999;-34.9087328;2025-04-10 00:00:00+00:00;2025;4;0;madrugada;Tentativa/Roubo;;False;False;False;0;1;1;0;1;0;0;True
2026ee53-8432-4964-949d-c13ddb5b579b;70863;Cohab;COHAB;Rua Panelas - COHAB, Recife - PE, Brasil;-8.122047;-34.9553619;2025-04-10 00:00:00+00:00;2025;4;0;madrugada;Homicidio/Tentativa;;False;False;False;1;0;1;1;0;0;0;True
80d15fe6-0881-4921-b747-8d3c517cd2e5;70844;Arruda;ARRUDA;Av. Prof. José dos Anjos - Arruda, Recife - PE, 52120-100, Brasil;-8.0265454;-34.8980324;2025-04-10 00:00:00+00:00;2025;4;0;madrugada;Tentativa/Roubo;Ação policial;True;True;False;0;0;0;0;0;0;0;False
80c25e1e-6c06-4140-9140-94b034c4b8c3;70929;Imbiribeira;IMBIRIBEIRA;R. Camacho - Imbiribeira, Recife - PE, 51180-510, Brasil;-8.102654553125078;-34.92103670011833;2025-04-12 00:00:00+00:00;2025;4;0;madrugada;Homicidio/Tentativa;Não identificado;False;False;False;1;0;1;1;0;0;0;True
f921644d-a445-4d6e-aea7-137aaea17a5d;70919;Água Fria;AGUA FRIA;Córrego do Deodato - Água Fria, Recife - PE, 52211-250, Brasil;-8.0136194;-34.9004162;2025-04-12 20:40:00+00:00;2025;4;20;noite;Disputa;;False;False;False;1;0;1;1;0;0;0;True
a02f9098-8854-4db6-93aa-4b1036aa648f;70920;Guabiraba;GUABIRABA; Guabiraba, Recife - PE, 52291-630, Brasil;-7.988423089132015;-34.935954528081865;2025-04-13 00:00:00+00:00;2025;4;0;madrugada;Homicidio/Tentativa;;False;False;False;1;0;1;1;0;0;0;True
da3b8b39-684c-4ed3-accc-b9380d01ba50;70918;Sítio dos Pintos - São Brás;SITIO DOS PINTOS;R. Severina Pedrosa - Sítio dos Pintos, Recife - PE, 52171-265, Brasil;-8.013885614620797;-34.9524496304098;2025-04-13 00:00:00+00:00;2025;4;0;madrugada;Homicidio/Tentativa;;False;False;False;1;0;1;1;0;0;0;True
44ff3f77-a61c-452c-a3a4-2f72ffd88277;70917;Dois Unidos;DOIS UNIDOS;R. João Cavalcanti Petribu - Dois Unidos, Recife - PE, 52160-230, Brasil;-7.990863012994858;-34.916444414851014;2025-04-13 00:00:00+00:00;2025;4;0;madrugada;Homicidio/Tentativa;;False;False;False;1;0;1;1;0;0;0;True
1dffacf2-ca4b-43f3-b8f0-2ca2dff6a027;70925;Macaxeira;MACAXEIRA;Rua da Misericórdia - Macaxeira, Recife - PE, 52090-565, Brasil;-8.0058017;-34.9327237;2025-04-13 00:00:00+00:00;2025;4;0;madrugada;Homicidio/Tentativa;Não identificado;False;False;False;1;0;1;1;0;0;0;True
2a35a826-fc04-498b-a0bb-34dda03103f4;70948;Areias;AREIAS;R. Ipojuca - Areias, Recife - PE, 50780-010, Brasil;-8.097543770734436;-34.93615824603271;2025-04-14 00:00:00+00:00;2025;4;0;madrugada;Tentativa/Roubo;;False;False;False;0;1;1;0;1;0;0;True
ce9da300-c5d6-494a-b21e-04d6b3c3f444;70947;Curado;CURADO;BR-232 - Curado, Recife - PE, Brasil;-8.076605628077864;-34.972786217566075;2025-04-15 00:00:00+00:00;2025;4;0;madrugada;Ação policial;Não identificado;True;True;False;0;1;1;0;1;0;0;True
c465da5d-aa06-4dea-a5ba-289fd124f536;70962;Cohab;COHAB;Jardim Monte Verde - Av. Chapada do Araripe - COHAB, Recife - PE, 54280-820, Brasil;-8.118820085321886;-34.95995378345207;2025-04-15 00:00:00+00:00;2025;4;0;madrugada;Homicidio/Tentativa;;False;False;False;0;1;1;0;1;0;0;True
fc62a368-b6a9-42e9-af92-df90937bcb69;70964;Boa Viagem;BOA VIAGEM;Avenida Domingos Ferreira - Boa Viagem, Recife - PE, Brasil;-8.1149721;-34.8949868;2025-04-16 00:00:00+00:00;2025;4;0;madrugada;Homicidio/Tentativa;;False;False;False;1;0;1;1;0;0;0;True
b135d5ca-04c5-4dcf-99e8-194720d12d0f;71001;Sítio dos Pintos - São Brás;SITIO DOS PINTOS;Rua Severina Pedrosa - Sítio dos Pintos, Recife - PE, Brasil;-8.013758;-34.9524263;2025-04-18 00:00:00+00:00;2025;4;0;madrugada;Homicidio/Tentativa;Não identificado;False;False;False;1;0;1;1;0;0;0;True
455815d0-2307-4b57-a9a7-96d9abc90922;71000;Brejo da Guabiraba;BREJO DA GUABIRABA;Rua Cascata - Brejo da Guabiraba, Recife - PE, Brasil;-7.9948266;-34.9342624;2025-04-18 00:00:00+00:00;2025;4;0;madrugada;Homicidio/Tentativa;Não identificado;False;False;False;1;0;1;1;0;0;0;True
b7e58f51-f6a8-4867-b16b-ca639a6e7844;71006;Dois Unidos;DOIS UNIDOS;Alto do Maracanã - Travessa Padre Cícero - Dois Unidos, Recife - PE, Brasil;-8.0041925;-34.910421;2025-04-18 23:00:00+00:00;2025;4;23;noite;Homicidio/Tentativa;Não identificado;False;False;False;1;0;1;1;0;0;0;True
ea202685-3c97-4f6b-97c1-fb9cd5e86b00;71022;Curado;CURADO;Comunidade Sapo Nu - R. Camponesa - Curado, Recife - PE, 50791-530, Brasil;-8.07958871648964;-34.97656447150635;2025-04-20 00:00:00+00:00;2025;4;0;madrugada;Briga;;False;False;False;1;0;1;1;0;0;0;True
d5326812-61bc-4259-8dc5-39a91a366297;71023;Alto José Bonifácio;ALTO JOSE BONIFACIO;Alto da Saudade - Alto José Bonifacio, Recife - PE, 52080-030, Brasil;-8.015432141858236;-34.911552387794785;2025-04-20 00:00:00+00:00;2025;4;0;madrugada;Homicidio/Tentativa;;False;False;False;1;1;2;1;1;0;0;True
274e97be-f1d7-4da8-a2c0-9f2a6b88b2c9;71028;San Martin;SAN MARTIN;Rua Cordélia Gois Silva - San Martin, Recife - PE, 50761-670, Brasil;-8.073886623064991;-34.932880684144926;2025-04-20 00:00:00+00:00;2025;4;0;madrugada;Homicidio/Tentativa;Briga;False;False;False;1;0;1;1;0;0;0;True
8b623c38-7345-49fb-85c2-7e37c1e53460;71027;Várzea;VARZEA;Alto das Barreiras - Várzea, Recife - PE, 50980-010, Brasil;-8.0230868;-34.9666724;2025-04-20 00:00:00+00:00;2025;4;0;madrugada;Homicidio/Tentativa;;False;False;False;1;0;1;1;0;0;0;True
10839e3d-aab5-4762-90a1-991cc181bbaf;71036;Estância;ESTANCIA;1A Travessa Doutor Adélino Filho - Estância, Recife - PE, Brasil;-8.0846841;-34.9330424;2025-04-20 22:30:00+00:00;2025;4;22;noite;Homicidio/Tentativa;Não identificado;False;False;False;1;0;1;1;0;0;0;True
0d0f9add-112e-499c-bf96-7c482fd08ca6;71049;Várzea;VARZEA;Várzea, Recife - PE, Brasil;-8.0483995;-34.9590902;2025-04-21 00:00:00+00:00;2025;4;0;madrugada;Homicidio/Tentativa;;False;False;False;1;0;1;1;0;0;0;True
91efdf25-6ce1-41bf-8e9a-cd55590ea612;71038;San Martin;SAN MARTIN;San Martin, Recife - PE, Brasil;-8.0710079;-34.9287891;2025-04-21 02:30:00+00:00;2025;4;2;madrugada;Homicidio/Tentativa;Não identificado;False;False;False;1;0;1;1;0;0;0;True
7f8efbae-afff-40e5-870c-a8878e70b60b;71067;Jardim São Paulo;JARDIM SAO PAULO;Planeta dos Macacos - Jardim São Paulo, Recife - PE, 50790-405, Brasil;-8.081609685864755;-34.9535674528721;2025-04-22 23:30:00+00:00;2025;4;23;noite;Homicidio/Tentativa;;False;False;False;1;0;1;1;0;0;0;True
534e7cd7-b4ee-4eea-909f-a478e0f17541;71110;Coqueiral;COQUEIRAL; Alto da Bela Vista - Coqueiral, Recife - PE, 50791-180, Brasil;-8.085811122602998;-34.968138676790765;2025-04-24 00:00:00+00:00;2025;4;0;madrugada;Homicidio/Tentativa;;False;False;False;1;0;1;1;0;0;0;True
2674c346-ecff-41dd-b383-8fbcf9214d7d;71117;Barro;BARRO;Comunidade da Raposa - Barro, Recife - PE, 50900-110, Brasil;-8.0869752;-34.9387283;2025-04-25 00:00:00+00:00;2025;4;0;madrugada;Homicidio/Tentativa;Não identificado;False;False;False;1;0;1;1;0;0;0;True
c128e5d2-1311-4cf4-b71a-bc00407454b9;71151;Coelhos;COELHOS;Conjunto Habitacional dos Coelhos - R. Júlio Bernardo - Coelhos, Recife - PE, 50060-480, Brasil;-8.066841127688757;-34.88835022428004;2025-04-27 00:00:00+00:00;2025;4;0;madrugada;Homicidio/Tentativa;;False;False;False;1;0;1;1;0;0;0;True
4da4f183-9926-427a-8c5e-d546fd4f2085;71159;Dois Unidos;DOIS UNIDOS;Alto do Rosário - Av. Chagas Ferreira - Dois Unidos, Recife - PE, 52165-450, Brasil;-7.996642539278087;-34.92237663100076;2025-04-27 00:00:00+00:00;2025;4;0;madrugada;Homicidio/Tentativa;;False;False;False;2;0;2;2;0;0;0;True
a6327e16-0831-462d-ad84-7ce6b531a7b7;71183;Iputinga;IPUTINGA;Praça Prof. Coelho de Almeida (Cavouco) - Iputinga, Recife - PE, 50721-420, Brasil;-8.045331012386601;-34.93161983056651;2025-04-28 00:00:00+00:00;2025;4;0;madrugada;Homicidio/Tentativa;Não identificado;False;False;False;1;0;1;1;0;0;0;True
145dcec8-c20a-4f5a-a7a5-3a3ff5e44574;71197;Linha do Tiro;LINHA DO TIRO;R. Alcantil - Linha do Tiro, Recife - PE, 52130-480, Brasil;-8.009827607000402;-34.90093313424001;2025-04-29 00:00:00+00:00;2025;4;0;madrugada;Homicidio/Tentativa;;False;False;False;1;0;1;1;0;0;0;True
84deaab5-ec8f-4577-bc78-5cbde6908c2e;71198;Brasília Teimosa;BRASILIA TEIMOSA;R. Dragão do Mar - Brasília Teimosa, Recife - PE, 51010-110, Brasil;-8.084797976270538;-34.878725009684096;2025-04-29 00:00:00+00:00;2025;4;0;madrugada;Homicidio/Tentativa;;False;False;False;1;0;1;1;0;0;0;True
fc59f3a7-1b7f-4376-82de-480efa6abe65;71218;Nova Descoberta;NOVA DESCOBERTA;Comunidade Olho D'Água - Rua Nova Descoberta - Nova Descoberta, Recife - PE, Brasil;-8.0102763;-34.9244128;2025-05-01 10:00:00+00:00;2025;5;10;manha;Homicidio/Tentativa;Disputa;False;False;False;2;0;2;2;0;0;0;True
4897687d-7405-4cac-9be6-d98c6d1fc88e;71286;Campina do Barreto;CAMPINA DO BARRETO;Comunidade Chão de Estrelas - Campina do Barreto, Recife - PE, 52125-020, Brasil;-8.020974201079278;-34.87968699010312;2025-05-02 00:00:00+00:00;2025;5;0;madrugada;Ação policial;Tentativa/Roubo;True;True;False;0;1;1;0;1;0;0;True
420a1981-acf6-4ca7-8426-2e55b806457c;71285;Pina;PINA;Praia do Pina - Pina, Recife - PE, 51011-000, Brasil;-8.098359762068782;-34.88376729959966;2025-05-04 00:00:00+00:00;2025;5;0;madrugada;Homicidio/Tentativa;;False;False;False;1;0;1;1;0;0;0;True
02878322-8e7a-4284-81c0-462510f48ba6;71292;Torrões;TORROES;Torrões, Recife - PE, Brasil;-8.0594625;-34.9359717;2025-05-04 00:00:00+00:00;2025;5;0;madrugada;Homicidio/Tentativa;;False;False;False;1;1;2;1;1;0;0;True
df821111-548f-4c48-9fa7-aa9659b2e9a9;71291;San Martin;SAN MARTIN;Comunidade Mole Mole - Rua Mineirolândia - San Martin, Recife - PE, 50761-620, Brasil;-8.07436892215789;-34.927226959922486;2025-05-04 00:00:00+00:00;2025;5;0;madrugada;Homicidio/Tentativa;;False;False;False;2;0;2;2;0;0;0;True
d688707e-5e8c-4c4f-8094-6d923a651bbc;71320;Boa Viagem;BOA VIAGEM;R. Pedro Álvares Cabral - Boa Viagem, Recife - PE, 51345-830, Brasil;-8.14271726785285;-34.911531736826205;2025-05-06 00:00:00+00:00;2025;5;0;madrugada;Homicidio/Tentativa;;False;False;False;1;0;1;1;0;0;0;True
48ea0aa8-ba84-44f9-9055-7934fd3a782d;71333;Passarinho;PASSARINHO;Passarinho, Recife - PE, Brasil;-7.9795661;-34.9181994;2025-05-08 00:00:00+00:00;2025;5;0;madrugada;Homicidio/Tentativa;Não identificado;False;False;False;0;1;1;0;1;0;0;True
86120df0-e746-4344-aca1-4a63488dbba7;71353;Dois Unidos;DOIS UNIDOS;R. José Menezes de Lira Filho - Dois Unidos, Recife - PE, 52140-150, Brasil;-8.002322944685178;-34.90471342726234;2025-05-08 00:00:00+00:00;2025;5;0;madrugada;Homicidio/Tentativa;;False;False;False;1;0;1;1;0;0;0;True
2b28c550-b5aa-44c4-a558-32d49ebbb917;71411;Dois Unidos;DOIS UNIDOS;Rua Bacharel Severino Torres Galindo do Nascimento - Dois Unidos, Recife- PE, Brasil;-7.997447582231926;-34.90660645075316;2025-05-11 00:00:00+00:00;2025;5;0;madrugada;Homicidio/Tentativa;;False;False;False;1;0;1;1;0;0;0;True
e8268bfa-82e6-49a2-bf81-efd9fad86b49;71419;Curado;CURADO;CEASA - Curado, Recife - PE, 50790, Brasil;-8.071405773266623;-34.9429857767094;2025-05-11 00:00:00+00:00;2025;5;0;madrugada;Homicidio/Tentativa;Não identificado;False;False;False;1;0;1;1;0;0;0;True
9651c8f9-acce-455e-9e5a-1b8b60b8df07;71407;Bomba do Hemetério;BOMBA DO HEMETERIO;R. Prof. José Amarino dos Réis - Bomba do Hemetério, Recife - PE, 52131-320, Brasil;-8.019355697825928;-34.90641074824453;2025-05-11 08:00:00+00:00;2025;5;8;manha;Homicidio/Tentativa;;False;False;False;1;0;1;1;0;0;0;True
b777b128-cbfc-4a85-86d6-2431e02b05bf;71436;Brejo da Guabiraba;BREJO DA GUABIRABA;R. 2 - Brejo da Guabiraba, Recife - PE, 52291-654, Brasil;-7.990654901798931;-34.93107289232666;2025-05-12 02:30:00+00:00;2025;5;2;madrugada;Homicidio/Tentativa;;False;False;False;1;0;1;1;0;0;0;True
039db7e6-6ffe-46b1-a459-6a6063e051e5;71441;Caçote;CACOTE;Comunidade Chico Mendes - Rua Jornalista Vilma Lessa - Caçote, Recife - PE, 50875-060, Brasil;-8.101096078291008;-34.934351476708734;2025-05-12 18:30:00+00:00;2025;5;18;noite;Homicidio/Tentativa;;False;False;False;1;0;1;1;0;0;0;True
a381e879-3d7c-4b4a-a489-b8b6111a610e;71458;Iputinga;IPUTINGA;Conjunto Habitacional Abençoada Por Deus - Av. Maurício de Nassau - Iputinga, Recife - PE, 50731-490, Brasil;-8.03842750337233;-34.93075870570956;2025-05-13 19:20:00+00:00;2025;5;19;noite;Homicidio/Tentativa;;False;False;False;1;0;1;1;0;0;0;True
3f817b88-8c0d-4f24-82e4-d5846fa7e186;71502;Brejo da Guabiraba;BREJO DA GUABIRABA;Córrego José Idalino - Avenida Vereador Otacílio Azevedo - Brejo da Guabiraba, Recife - PE, Brasil;-7.9939438;-34.9356167;2025-05-16 00:00:00+00:00;2025;5;0;madrugada;Homicidio/Tentativa;Não identificado;False;False;False;1;0;1;1;0;0;0;True
8f717da5-f0dc-4400-926c-603485af07a4;71492;Guabiraba;GUABIRABA;Rodovia Br Cento e Um, KM-56 - Guabiraba, Recife - PE, 52291-630, Brasil;-7.959034650977826;-34.91250025396729;2025-05-16 07:30:00+00:00;2025;5;7;manha;Homicidio/Tentativa;Briga;False;False;False;1;0;1;1;0;0;0;True
9fb5bbda-4a07-4d99-9f65-244bcb212ca0;71528;Pina;PINA;Comunidade do Bode - Pina, Recife - PE, 51011-140, Brasil;-8.09227278;-34.88750093;2025-05-17 00:00:00+00:00;2025;5;0;madrugada;Homicidio/Tentativa;;False;False;False;1;0;1;1;0;0;0;True
a71aeb0a-863a-4c8d-9154-d424aa120559;71541;Dois Unidos;DOIS UNIDOS;Alto do Capitão - Dell Bebidas - Avenida Chagas Ferreira, 310 - Dois Unidos, Recife - PE, Brasil;-8.0021572;-34.9175158;2025-05-17 00:00:00+00:00;2025;5;0;madrugada;Homicidio/Tentativa;Não identificado;False;False;False;1;1;2;1;1;0;0;True
b9057237-9672-4baf-94a2-e71f212ead5c;71536;Campina do Barreto;CAMPINA DO BARRETO;R. Marcílio Dias - Campina do Barreto, Recife - PE, 52121-125, Brasil;-8.019551532616976;-34.88401974016428;2025-05-18 00:00:00+00:00;2025;5;0;madrugada;Homicidio/Tentativa;;False;False;False;1;2;3;1;2;0;0;True
55c9b56b-768f-40d2-90d5-7e870b300254;71537;Dois Irmãos;DOIS IRMAOS;R. Manuel de Medeiros - Dois Irmãos, Recife - PE, 52171-030, Brasil;-8.01585082486304;-34.95011139777229;2025-05-18 00:00:00+00:00;2025;5;0;madrugada;Homicidio/Tentativa;;False;False;False;1;0;1;1;0;0;0;True
180af35a-5689-4c38-9b8d-97e43756d87e;71539;Iputinga;IPUTINGA;Jardim Santa Helena - Av. Caxangá - Iputinga, Recife - PE, 50800-360, Brasil;-8.03251631808321;-34.942239730227655;2025-05-18 00:00:00+00:00;2025;5;0;madrugada;Homicidio/Tentativa;;False;False;False;1;0;1;1;0;0;0;True
9bd7fb69-b21f-4e54-b503-77d8d99cad6b;71545;Macaxeira;MACAXEIRA;Comunidade Bolo de Noiva - Macaxeira, Recife - PE, 52090-375, Brasil;-8.0085072;-34.9280993;2025-05-18 00:00:00+00:00;2025;5;0;madrugada;Ação policial;Homicidio/Tentativa;True;True;False;1;0;1;1;0;0;0;True
44f44dd9-0de2-4bd1-92f4-29ee45ba0a85;71531;Água Fria;AGUA FRIA;R. da Regeneração - Água Fria, Recife - PE, 52120-335, Brasil;-8.021019838417617;-34.887010530674154;2025-05-18 00:00:00+00:00;2025;5;0;madrugada;Homicidio/Tentativa;;False;False;False;1;0;1;1;0;0;0;True
c7726927-f195-46d1-afd7-17c0ab8afdba;71548;Torrões;TORROES;Comunidade Roda de Fogo - R. Três de Setembro - Torrões, Recife - PE, 50660-260, Brasil;-8.060215931170974;-34.93900654723427;2025-05-18 19:40:00+00:00;2025;5;19;noite;Homicidio/Tentativa;Não identificado;False;False;False;1;0;1;1;0;0;0;True
b706e93d-b236-4723-93df-42fcd25f8c9e;71561;Água Fria;AGUA FRIA;R. das Moças - Água Fria, Recife - PE, 52120-205, Brasil;-8.017646187880953;-34.88445741920156;2025-05-19 00:00:00+00:00;2025;5;0;madrugada;Homicidio/Tentativa;;False;False;False;0;1;1;0;1;0;0;True
58034553-69b7-4951-8f5d-b503bae3dc22;71565;Ibura;IBURA;BR-101 - Ibura, Recife - PE, Brasil;-8.1187431;-34.9433072;2025-05-19 00:00:00+00:00;2025;5;0;madrugada;Briga;Tiros a esmo;False;False;False;0;0;0;0;0;0;0;False
20e36784-d465-4d49-9333-5763ec93d1bb;71576;Ipsep;IPSEP;Ipsep, Recife - PE, Brasil;-8.1073819;-34.9232073;2025-05-20 00:00:00+00:00;2025;5;0;madrugada;Homicidio/Tentativa;;False;False;False;0;0;0;0;0;0;0;False
f2a10614-e0eb-475f-88d7-258746658671;71596;Torre;TORRE;Rua José Bonifácio - Torre, Recife - PE, Brasil;-8.0436293;-34.9078679;2025-05-21 00:00:00+00:00;2025;5;0;madrugada;Tentativa/Roubo;Ação policial;True;True;False;0;0;0;0;0;0;0;False
0685ee52-0a98-40c0-891a-24093d91c17b;71656;Dois Irmãos;DOIS IRMAOS;R. Prof. Cláudio Selva - Dois Irmãos, Recife - PE, 52171-260, Brasil;-8.010496958911371;-34.95330038363632;2025-05-25 00:00:00+00:00;2025;5;0;madrugada;Homicidio/Tentativa;;False;False;False;1;1;2;1;1;0;0;True
a955d937-192c-4a45-ab3c-b9dc8e5281e4;71685;Ipsep;IPSEP;R. Jean Emile Favre, 780 - Ipsep, Recife - PE, 51190-450, Brasil;-8.109971002014644;-34.91837459077158;2025-05-26 00:00:00+00:00;2025;5;0;madrugada;Homicidio/Tentativa;;False;False;False;1;0;1;1;0;0;0;True
5549d59c-000d-4349-8d27-33bd501403f0;71683;Guabiraba;GUABIRABA;Sítio dos Macacos - R. Bacharel Augusto Genuíno Albuquerque - Guabiraba, Recife - PE, 52291-013, Brasil;-7.992692591452979;-34.93921869434711;2025-05-26 00:00:00+00:00;2025;5;0;madrugada;Homicidio/Tentativa;;False;False;False;1;0;1;1;0;0;0;True
aabd6378-1da5-4ecd-99a0-fadffccc6c1d;71682;Iputinga;IPUTINGA;Travessa General Mena Barreto, Comunidade Caiara - Iputinga, Recife - PE, Brasil;-8.0417184;-34.9295371;2025-05-26 00:00:00+00:00;2025;5;0;madrugada;Homicidio/Tentativa;;False;False;False;1;0;1;1;0;0;0;True
56a5f550-1a6d-44dd-a5e3-0ee88ad92fb3;71686;Torrões;TORROES;Comunidade Roda de Fogo - R. Araguaia - Torrões, Recife - PE, 50650-060, Brasil;-8.057668501476973;-34.93970998444303;2025-05-26 18:30:00+00:00;2025;5;18;noite;Homicidio/Tentativa;;False;False;False;1;0;1;1;0;0;0;True
6e21dd7e-f987-4dc5-8d9a-cbe8e2b9e4a3;71705;Torrões;TORROES;Comunidade Roda de Fogo - Rua Epaminondas Cristóvão de Oliveira - Torrões, Recife - PE, Brasil;-8.0617697;-34.9342662;2025-05-27 00:00:00+00:00;2025;5;0;madrugada;Homicidio/Tentativa;Não identificado;False;False;False;1;0;1;1;0;0;0;True
59bc93a4-70d9-4274-87b7-eb4226660e31;71712;Brejo de Beberibe;BREJO DE BEBERIBE;Campo do Fluminense - Brejo de Beberibe, Recife - PE, 52191-445, Brasil;-7.993093210127585;-34.927322168708805;2025-05-28 20:30:00+00:00;2025;5;20;noite;Homicidio/Tentativa;;False;False;False;1;0;1;1;0;0;0;True
b9f14208-0b11-48b6-88eb-3123e8a09541;71711;Passarinho;PASSARINHO;Alto da Telha - Av da Recuperação - Passarinho, Recife - PE, 52390-050, Brasil;-7.984804552750456;-34.9314799049374;2025-05-28 23:00:00+00:00;2025;5;23;noite;Homicidio/Tentativa;;False;False;False;0;2;2;0;2;0;0;True
6c6be945-f3de-465d-ab7c-3cd842ac6a09;71738;Casa Amarela;CASA AMARELA;Estrada do Arraial - Alto Santa Izabel, Casa Amarela, Recife - PE, 52070-230, Brasil;-8.027523392221994;-34.919179191818245;2025-05-30 00:00:00+00:00;2025;5;0;madrugada;Homicidio/Tentativa;;False;False;False;2;0;2;2;0;0;0;True
c2db3848-83bb-4dc6-88a2-8d7d990a9c29;71777;Coqueiral;COQUEIRAL;R. Ananias Catanho - Coqueiral, Recife - PE, 50791-355, Brasil;-8.084455214384374;-34.97163625647275;2025-05-31 00:00:00+00:00;2025;5;0;madrugada;Homicidio/Tentativa;;False;False;False;1;0;1;1;0;0;0;True
c737f3ea-9829-45db-88fe-7950a660df65;71780;Areias;AREIAS;R. Dona Ana Aurora - Areias, Recife - PE, 50870-540, Brasil;-8.09741139930215;-34.93472433594617;2025-06-01 00:00:00+00:00;2025;6;0;madrugada;Homicidio/Tentativa;;False;False;False;1;0;1;1;0;0;0;True
61bef4d1-4af2-4114-968a-d6f07c251211;71774;Tejipió;TEJIPIO;Pacheco (Tejipió)- R. Arealva - Tejipio, Recife - PE, 50930-190, Brasil;-8.09379590311962;-34.96190516518882;2025-06-01 00:00:00+00:00;2025;6;0;madrugada;Homicidio/Tentativa;;False;False;False;1;0;1;1;0;0;0;True
fd32277e-a595-49e2-931e-c48b2e3fa313;71828;Torrões;TORROES;Comunidade do Vietnã - R. Leila Félix Karam - Torrões, Recife - PE, 50761-200, Brasil;-8.064967082970485;-34.93484300554585;2025-06-04 00:00:00+00:00;2025;6;0;madrugada;Ação policial;;True;True;False;0;1;1;0;1;0;0;True
3b3f75c3-7a9c-4542-9439-d3d9ade24835;71831;Encruzilhada;ENCRUZILHADA;Mercado da Encruzilhada - Rua Doutor José Maria - Encruzilhada, Recife - PE, Brasil;-8.0371847;-34.8921696;2025-06-05 06:00:00+00:00;2025;6;6;manha;Homicidio/Tentativa;;False;False;False;1;0;1;1;0;0;0;True
a5a7de6c-26a1-4402-a2f6-db2b617ad39e;71895;Barro;BARRO;Rua Solonopolis - Barro, Recife - PE, Brasil;-8.0877775;-34.943273;2025-06-08 00:00:00+00:00;2025;6;0;madrugada;Homicidio/Tentativa;Não identificado;False;False;False;2;0;2;2;0;0;0;True
7ed24ebf-55be-4aba-96b0-561a1e0411ac;71896;Brejo da Guabiraba;BREJO DA GUABIRABA;Rua Rosal - Brejo da Guabiraba, Recife - PE, Brasil;-7.9953023;-34.93239;2025-06-08 00:00:00+00:00;2025;6;0;madrugada;Homicidio/Tentativa;Não identificado;False;False;False;2;0;2;2;0;0;0;True
c6138bbd-8b41-4258-af6c-d5084ead5c2b;71884;Jiquiá;JIQUIA;R. Sd. Graciliano - Jiquiá, Recife - PE, 50771-360, Brasil;-8.08655442954296;-34.92657629676995;2025-06-08 18:20:00+00:00;2025;6;18;noite;Homicidio/Tentativa;Não identificado;False;False;False;1;0;1;1;0;0;0;True
27c1f5f7-9374-4a77-9de2-ff19d3ebaccc;71922;Bongi;BONGI;Bongi, Recife - PE, Brasil;-8.0655751;-34.9180396;2025-06-09 00:00:00+00:00;2025;6;0;madrugada;Tentativa/Roubo a banco;;False;False;False;0;0;0;0;0;0;0;False
2ab08bc6-b44a-4f4e-b65b-178a321eba9f;71946;Boa Vista;BOA VISTA;Rua Tabira - Boa Vista, Recife - PE, Brasil;-8.0506159;-34.8916772;2025-06-10 14:00:00+00:00;2025;6;14;tarde;Homicidio/Tentativa;Não identificado;False;False;False;1;0;1;1;0;0;0;True
a8de17e7-3320-4a75-9fc0-84096a342166;71890;Jardim São Paulo;JARDIM SAO PAULO;BR-101 - Jardim São Paulo, Recife - PE, 50910-180, Brasil;-8.082747104855194;-34.94343902663382;2025-06-11 02:30:00+00:00;2025;6;2;madrugada;Homicidio/Tentativa;;False;False;False;1;0;1;1;0;0;0;True
2a864559-cf37-4e11-b0fb-6042a1e4929b;71965;Córrego do Jenipapo;CORREGO DO JENIPAPO;R. Três Morros - Córrego do Jenipapo, Recife - PE, 52091-190, Brasil;-8.002327346723996;-34.93719682644452;2025-06-11 21:30:00+00:00;2025;6;21;noite;Homicidio/Tentativa;;False;False;False;1;0;1;1;0;0;0;True
91c964d6-16bc-447b-b7a5-b67051d24000;71982;Ilha Joana Bezerra;ILHA JOANA BEZERRA;Residêncial Vila Brasil 2 - Ilha Joana Bezerra, Recife - PE, Brasil;-8.0715854;-34.8920507;2025-06-12 00:00:00+00:00;2025;6;0;madrugada;Homicidio/Tentativa;;False;False;False;1;0;1;1;0;0;0;True
184e8f98-d405-4b91-9888-b5bf37707d43;71977;Dois Unidos;DOIS UNIDOS;Alto do Rosário - R. da Liberdade - Dois Unidos, Recife - PE, 52150-015, Brasil;-7.99660135628826;-34.92087623440892;2025-06-12 00:00:00+00:00;2025;6;0;madrugada;Homicidio/Tentativa;;False;False;False;1;0;1;1;0;0;0;True
0df1ffb0-358d-4c97-a310-aba28c0a270b;71995;Campo Grande;CAMPO GRANDE;Comunidade Ilha do Joaneiro - Tv. Pedro Celso - Campo Grande, Recife - PE, 52031-450, Brasil;-8.0360627;-34.8814199;2025-06-13 00:00:00+00:00;2025;6;0;madrugada;Homicidio/Tentativa;;False;False;False;1;0;1;1;0;0;0;True
13c934bc-e251-4783-828e-f40d0dec34da;72020;Nova Descoberta;NOVA DESCOBERTA;Alto da Brasileira - R. Córrego do Boleiro - Nova Descoberta, Recife - PE, 52091-240, Brasil;-8.001347292026528;-34.93307778128871;2025-06-14 00:00:00+00:00;2025;6;0;madrugada;Homicidio/Tentativa;;False;False;True;3;0;3;3;0;0;0;True
8bf2dfd7-f3f2-4171-aa22-89def724da22;72032;Santo Amaro;SANTO AMARO;Comunidade Tauá - Santo Amaro, Recife - PE, Brasil;-8.0475782;-34.8770219;2025-06-16 21:40:00+00:00;2025;6;21;noite;Homicidio/Tentativa;;False;False;False;1;0;1;1;0;0;0;True
ff88cbb8-2287-4b86-b18b-d19dbb8c15ee;72070;Afogados;AFOGADOS;Masterboi Loja - Afogados - Rua Vinte e Um de Abril - Afogados, Recife - PE, Brasil;-8.077166199999999;-34.90816909999999;2025-06-18 00:00:00+00:00;2025;6;0;madrugada;Briga;Homicidio/Tentativa;False;False;False;0;1;1;0;1;0;0;True
e08e223c-f7b2-4928-8e77-0f215b93d7ac;72064;Bomba do Hemetério;BOMBA DO HEMETERIO;Rua Chã de Alegria - Bomba do Hemetério, Recife - PE, Brasil;-8.0199227;-34.9060771;2025-06-18 00:00:00+00:00;2025;6;0;madrugada;Homicidio/Tentativa;;False;False;False;0;1;1;0;1;0;0;True
51e60f65-9e55-48d6-b948-74d5bbcc0b28;72072;Cordeiro;CORDEIRO;Rua Antero Mota - Cordeiro, Recife - PE, Brasil;-8.0448819;-34.9268483;2025-06-18 22:30:00+00:00;2025;6;22;noite;Homicidio/Tentativa;Não identificado;False;False;False;1;0;1;1;0;0;0;True
d471a1dc-fb3a-4921-9741-86c980022f62;72088;Guabiraba;GUABIRABA;Estrada da Mumbeca - Guabiraba, Recife - PE, 52131-061, Brasil;-7.951250583802983;-34.96112951533482;2025-06-20 00:00:00+00:00;2025;6;0;madrugada;Homicidio/Tentativa;;False;False;False;1;0;1;1;0;0;0;True
1a36d331-9ec3-4681-ac66-61626f7efc73;72118;Afogados;AFOGADOS;Rua Três de Agosto - Afogados, Recife - PE, Brasil;-8.0740815;-34.9104745;2025-06-22 00:00:00+00:00;2025;6;0;madrugada;Homicidio/Tentativa;Não identificado;False;False;False;1;0;1;1;0;0;0;True
50988ab9-de0a-43f1-8254-d2792468be9c;72119;Iputinga;IPUTINGA;Comunidade do Caiara - Estrada do Caiara - Iputinga, Recife - PE, Brasil;-8.042345;-34.9308771;2025-06-22 00:00:00+00:00;2025;6;0;madrugada;Homicidio/Tentativa;Não identificado;False;False;False;1;0;1;1;0;0;0;True
047e8dff-5307-4f0f-9f34-903f0cfd6da6;72142;São José;SAO JOSE; Habitacional Sérgio Loreto - São José, Recife - PE, 50020-200, Brasil;-8.07223611305356;-34.88592139228289;2025-06-23 00:00:00+00:00;2025;6;0;madrugada;Homicidio/Tentativa;;False;False;False;1;0;1;1;0;0;0;True
6d354ab0-e03e-46a9-9ddb-28d3d1a2b251;72153;Brasília Teimosa;BRASILIA TEIMOSA;Colônia de Pescadores - R. Bem Te VI- Brasília Teimosa, Recife - PE, 51010-350, Brasil;-8.089801291930273;-34.880739023338414;2025-06-23 00:00:00+00:00;2025;6;0;madrugada;Homicidio/Tentativa;;False;False;False;1;0;1;1;0;0;0;True
76535764-f659-4ecb-9eb1-6f05a69beaee;72121;São José;SAO JOSE;Metro Estação Recife (Central) - São José, Recife - PE, 50020-170, Brasil;-8.06914238843286;-34.88543016996394;2025-06-23 04:30:00+00:00;2025;6;4;madrugada;Tentativa/Roubo;Homicidio/Tentativa;False;False;False;0;1;1;0;1;0;0;True
3a2fa11e-a9ba-4396-a8a1-7e5a43b99a88;72169;Torrões;TORROES;Torrões, Recife - PE, Brasil;-8.0594625;-34.9359717;2025-06-24 00:00:00+00:00;2025;6;0;madrugada;Homicidio/Tentativa;;False;False;False;0;1;1;0;1;0;0;True
80cc0299-247d-4896-81e7-bf62e1a7b0e9;72229;Iputinga;IPUTINGA;Rua General Cândido Borges Castelo Branco - Iputinga, Recife - PE, Brasil;-8.04425;-34.9380232;2025-06-26 00:00:00+00:00;2025;6;0;madrugada;Homicidio/Tentativa;Não identificado;False;False;False;0;1;1;0;1;0;0;True
2c9050c5-2e3f-4886-8d08-6af208f57213;72215;Dois Unidos;DOIS UNIDOS;Dois Unidos, Recife - PE, Brasil;-8.0014722;-34.9140585;2025-06-26 00:00:00+00:00;2025;6;0;madrugada;Homicidio/Tentativa;;False;False;False;0;1;1;0;1;0;0;True
275f49d3-66be-4afe-8200-b9aa4a21489e;72212;Tejipió;TEJIPIO;Pacheco (Tejipió) -  R. Arealva - Tejipio, Recife - PE, 50930-190, Brasil;-8.093704092483922;-34.9618957711677;2025-06-26 20:30:00+00:00;2025;6;20;noite;Homicidio/Tentativa;;False;False;False;1;1;2;1;1;0;0;True
8b2d7e32-4b7c-4340-a728-989cb2d271af;72227;Córrego do Jenipapo;CORREGO DO JENIPAPO;Rua Erundina Negreiros de Araújo - Córrego do Jenipapo, Recife - PE, Brasil;-8.0064602;-34.9366185;2025-06-27 00:00:00+00:00;2025;6;0;madrugada;Homicidio/Tentativa;;False;False;False;1;0;1;1;0;0;0;True
d79e3e19-9bf8-4d73-b9e8-0b12c961fc63;72304;Afogados;AFOGADOS;Afogados, Recife - PE, Brasil;-8.077032599999999;-34.9091753;2025-06-28 22:40:00+00:00;2025;6;22;noite;Homicidio/Tentativa;Briga;False;True;False;0;0;0;0;0;0;0;False
bca531f7-f741-45a3-b6bf-59bbec8bd4d9;72278;Nova Descoberta;NOVA DESCOBERTA;Rua Carmesia - Nova Descoberta, Recife - PE, Brasil;-8.013849;-34.9245589;2025-06-29 00:00:00+00:00;2025;6;0;madrugada;Homicidio/Tentativa;Não identificado;False;False;False;1;0;1;1;0;0;0;True
444d8e85-2044-4386-a2f8-aea52bd4959b;72270;Pina;PINA;Comunidade do Bode - Pina, Recife - PE, 51011-140, Brasil;-8.09227278;-34.88750093;2025-06-29 00:00:00+00:00;2025;6;0;madrugada;Homicidio/Tentativa;;False;False;False;1;0;1;1;0;0;0;True
1a731f83-3243-4acf-af7b-6e3769549f92;72269;Dois Unidos;DOIS UNIDOS;R. da Liberdade - Dois Unidos, Recife - PE, 52150-015, Brasil;-7.996824058095501;-34.920886516719754;2025-06-29 00:00:00+00:00;2025;6;0;madrugada;Homicidio/Tentativa;;False;False;False;1;0;1;1;0;0;0;True
430ba405-e11b-4af5-a81c-a22e32a99e94;72265;Pina;PINA;Comunidade do Bode - Pina, Recife - PE, 51011-140, Brasil;-8.09227278;-34.88750093;2025-06-29 00:00:00+00:00;2025;6;0;madrugada;Homicidio/Tentativa;;False;False;False;1;0;1;1;0;0;0;True
c6d544ec-2107-4759-923b-a54df04fead9;72266;Jiquiá;JIQUIA;Jiquiá, Recife - PE, Brasil;-8.0861254;-34.924474;2025-06-29 00:00:00+00:00;2025;6;0;madrugada;Homicidio/Tentativa;;False;False;False;1;0;1;1;0;0;0;True
17074cc1-4395-4334-bb6f-6b36cfb2fab5;72298;Brejo da Guabiraba;BREJO DA GUABIRABA;Conjunto Residencial Paulo Cavalcanti (Singapura) - Brejo da Guabiraba, Recife - PE, 52291-270, Brasil;-7.9900351;-34.9345599;2025-07-01 00:00:00+00:00;2025;7;0;madrugada;Homicidio/Tentativa;Não identificado;False;False;False;2;0;2;2;0;0;0;True
052f54f3-afb5-4c59-9ad1-100e32778654;72306;Brejo da Guabiraba;BREJO DA GUABIRABA;Brejo da Guabiraba, Recife - PE, Brasil;-7.9930038;-34.9327449;2025-07-01 00:00:00+00:00;2025;7;0;madrugada;Homicidio/Tentativa;Não identificado;False;False;False;1;0;1;1;0;0;0;True
00c78326-61ea-49e6-bfcb-8ca97d758916;72293;Ilha do Retiro;ILHA DO RETIRO;Rua Tabaiares - Ilha do Retiro, Recife - PE, Brasil;-8.0653591;-34.906097;2025-07-01 10:30:00+00:00;2025;7;10;manha;Tentativa/Roubo;Tiros a esmo;False;False;False;0;0;0;0;0;0;0;False
c1e15c2f-12ba-4788-b198-b78f9e2e6218;72336;Campina do Barreto;CAMPINA DO BARRETO;Campina do Barreto, Recife - PE, Brasil;-8.0168812;-34.8824178;2025-07-03 00:00:00+00:00;2025;7;0;madrugada;Homicidio/Tentativa;Outro;False;False;False;0;1;1;0;1;0;0;True
a5d09b74-c0e2-4e1d-abd7-701cff2b7f69;72335;Torre;TORRE;Vila Santa Luzia - Rua Ciclovia República da Argélia - Torre, Recife - PE, Brasil;-8.0436554;-34.9144039;2025-07-03 13:00:00+00:00;2025;7;13;tarde;Homicidio/Tentativa;Não identificado;False;False;False;1;0;1;1;0;0;0;True
b56d3a19-4518-4d75-98f0-d7622e0f40a4;72338;Macaxeira;MACAXEIRA;Rua Dolcinopolis - Macaxeira, Recife - PE, Brasil;-8.0186099;-34.9293602;2025-07-03 19:30:00+00:00;2025;7;19;noite;Briga;Homicidio/Tentativa;False;False;False;1;0;1;1;0;0;0;True
86a9a59c-4ec5-416a-9d1b-6ec56ca7e20c;72337;Dois Unidos;DOIS UNIDOS;Rua Engenheiro Corrêa - Alto do Rosário, Dois Unidos, Recife - PE, Brasil;-7.997812;-34.9205554;2025-07-03 20:30:00+00:00;2025;7;20;noite;Homicidio/Tentativa;Não identificado;False;False;False;1;0;1;1;0;0;0;True
677b5a49-b805-4d8b-b326-1afabd3fb5d8;72347;Iputinga;IPUTINGA;Comunidade do Detran - Iputinga, Recife - PE, 50690-000, Brasil;-8.029774900534003;-34.940934648686124;2025-07-04 00:00:00+00:00;2025;7;0;madrugada;Homicidio/Tentativa;Não identificado;False;False;False;0;1;1;0;1;0;0;True
b532d19a-7b60-44a5-9b70-ef609b477a54;72365;Macaxeira;MACAXEIRA;R. Dolcinopolis - Macaxeira, Recife - PE, 52071-452, Brasil;-8.018549041888411;-34.92925217025623;2025-07-05 23:40:00+00:00;2025;7;23;noite;Homicidio/Tentativa;;False;False;False;0;1;1;0;1;0;0;True
c16fb6af-83c0-478f-9b66-04eb50a979e0;72366;Porto da Madeira;PORTO DA MADEIRA;Av. Beberibe - Porto da Madeira, Recife - PE, 52130-315, Brasil;-8.007220980298667;-34.890651723920826;2025-07-06 02:00:00+00:00;2025;7;2;madrugada;Homicidio/Tentativa;;False;False;False;1;0;1;1;0;0;0;True
dbbe8ac0-7e7a-404f-b23e-9d441e5e36cb;72362;Bomba do Hemetério;BOMBA DO HEMETERIO;R. do Rio - Bomba do Hemetério, Recife - PE, 52110-490, Brasil;-8.021327691324338;-34.90533680767409;2025-07-06 19:30:00+00:00;2025;7;19;noite;Homicidio/Tentativa;;False;False;False;1;0;1;1;0;0;0;True
621e4f22-07c5-4685-a866-613f52c4352d;72385;Dois Unidos;DOIS UNIDOS;Av. Hildebrando de Vasconcelos - Dois Unidos, Recife - PE, 52140-000, Brasil;-7.998285987439;-34.90798240287839;2025-07-07 00:00:00+00:00;2025;7;0;madrugada;Tentativa/Roubo;;False;False;False;0;0;0;0;0;0;0;False
5b807639-b18b-4fd8-a6bb-5647ce0f5ee4;72381;Vasco da Gama;VASCO DA GAMA;Alto da Esperança - Rua Pedra Bonita - Vasco da Gama, Recife - PE, Brasil;-8.0187875;-34.9198017;2025-07-07 02:00:00+00:00;2025;7;2;madrugada;Homicidio/Tentativa;;False;False;False;1;0;1;1;0;0;0;True
0ae4a68d-ca91-4694-ad73-8fbe2ab552d6;72400;Dois Unidos;DOIS UNIDOS;Dois Unidos, Recife - PE, Brasil;-8.0014722;-34.9140585;2025-07-08 00:00:00+00:00;2025;7;0;madrugada;Homicidio/Tentativa;;False;False;False;1;0;1;1;0;0;0;True
7eeedab0-f21b-44ab-ad8c-9cd9ed2d00ba;72418;Barro;BARRO;Av. Central - Barro, Recife - PE, 50900-360, Brasil;-8.08684991042728;-34.9411163926598;2025-07-09 00:00:00+00:00;2025;7;0;madrugada;Homicidio/Tentativa;;False;False;False;0;1;1;0;1;0;0;True
f1fbdf0a-9ac6-4e3f-852f-984491d9662a;72449;Afogados;AFOGADOS;R. Nicolau Pereira - Afogados, Recife - PE, 50770-080, Brasil;-8.078392040461448;-34.905339230046884;2025-07-11 00:00:00+00:00;2025;7;0;madrugada;Homicidio/Tentativa;;False;False;False;0;1;1;0;1;0;0;True
df1f49d7-84eb-4c59-89ae-ffdf4b10bfad;72482;Nova Descoberta;NOVA DESCOBERTA;R. Damolândia - Nova Descoberta, Recife - PE, 52190-200, Brasil;-8.0012328005529;-34.92703810498742;2025-07-13 00:00:00+00:00;2025;7;0;madrugada;Ação policial;;True;True;False;1;0;1;1;0;0;0;True
ef710bbf-e610-4637-b276-4da0e61f35e3;72483;Dois Unidos;DOIS UNIDOS;Av. Chagas Ferreira - Dois Unidos, Recife - PE, 52150-000, Brasil;-7.99635652852289;-34.92237613316541;2025-07-13 22:00:00+00:00;2025;7;22;noite;Homicidio/Tentativa;;False;False;False;1;0;1;1;0;0;0;True
a764859f-1250-40b6-97a8-397b4a319582;72505;Brejo de Beberibe;BREJO DE BEBERIBE;R. Selma - Brejo de Beberibe, Recife - PE, 52191-135, Brasil;-7.995497525122268;-34.92560812290983;2025-07-14 00:00:00+00:00;2025;7;0;madrugada;Homicidio/Tentativa;;False;False;False;1;1;2;1;1;0;0;True
f5fd587f-ec63-44b9-b4b0-6015ef946f46;72503;Areias;AREIAS;Vila Tamandaré - Areias, Recife - PE, 50860-220, Brasil;-8.09642585182903;-34.92470504537945;2025-07-14 00:00:00+00:00;2025;7;0;madrugada;Homicidio/Tentativa;;False;False;False;0;1;1;0;1;0;0;True
52af7a58-219b-4f3e-892d-80cc6225d778;72520;Iputinga;IPUTINGA;R. Bom Pastor - Iputinga - Iputinga, Recife - PE, 50670-250, Brasil;-8.045921240609305;-34.94018248801647;2025-07-15 00:00:00+00:00;2025;7;0;madrugada;Homicidio/Tentativa;;False;False;False;1;0;1;1;0;0;0;True
85168a96-9315-45d5-baad-bc8c4051c8e4;72550;Jardim São Paulo;JARDIM SAO PAULO;Comunidade Planeta dos Macacos - R. Jericó - Jardim São Paulo, Recife - PE, 50910-080, Brasil;-8.08376861616931;-34.94282409930585;2025-07-16 00:00:00+00:00;2025;7;0;madrugada;Homicidio/Tentativa;;False;False;False;1;0;1;1;0;0;0;True
72bf9864-46c4-4591-9d48-fa8cc4c86649;72548;Passarinho;PASSARINHO;Comunidade Bad Boy - R. do Amor - Passarinho, Recife - PE, 52160-415, Brasil;-7.993920698822916;-34.924748928851955;2025-07-16 00:00:00+00:00;2025;7;0;madrugada;Homicidio/Tentativa;Disputa;False;False;False;1;0;1;1;0;0;0;True
776b4fd9-bb09-4487-869a-01442f04a567;72551;Brejo da Guabiraba;BREJO DA GUABIRABA;Córrego José Idalino - R. São Romão - Brejo da Guabiraba, Recife - PE, 52291-067, Brasil;-7.996678730772519;-34.93418365619781;2025-07-16 00:00:00+00:00;2025;7;0;madrugada;Homicidio/Tentativa;Disputa;False;False;False;1;0;1;1;0;0;0;True
c1c78c37-0d78-4f32-b27e-4220b7e51060;72576;Imbiribeira;IMBIRIBEIRA;Comunidade Cafesópolis - Campo Cafesópolis - Rua Nova - Imbiribeira, Recife - PE, Brasil;-8.1014597;-34.9092531;2025-07-17 17:00:00+00:00;2025;7;17;tarde;Homicidio/Tentativa;;False;False;False;1;0;1;1;0;0;0;True
0ead5f8a-1a4b-430a-aeb6-2691f0a192d4;72577;Várzea;VARZEA;Rua Soldado Gregório Vilalva, Comunidade Rosa Selvagem - UR 07 - Várzea, Recife - PE, Brasil;-8.0310595;-34.9755092;2025-07-17 23:20:00+00:00;2025;7;23;noite;Homicidio/Tentativa;;False;False;False;0;3;3;0;3;0;0;True
8d3395b2-1424-4493-9b6c-d7f5f044aa31;72627;Guabiraba;GUABIRABA;R. Chalé - Guabiraba, Recife - PE, 52291-411, Brasil;-7.947142422176356;-34.92122113295899;2025-07-19 20:10:00+00:00;2025;7;20;noite;Homicidio/Tentativa;Sequestro/Cárcere Privado;False;False;False;2;0;2;2;0;0;0;True
e6932eb7-17f2-411d-9f04-2102cc3dd63f;72649;Campina do Barreto;CAMPINA DO BARRETO;Comunidade Chão de Estrelas - Rua Itainópolis - Campina do Barreto, Recife - PE, Brasil;-8.018731;-34.8799932;2025-07-21 00:00:00+00:00;2025;7;0;madrugada;Homicidio/Tentativa;;False;False;False;1;0;1;1;0;0;0;True
456938c5-d625-4180-a572-7f7aebe7c3f0;72674;Ipsep;IPSEP;R. Virgínia Heráclio - Ipsep, Recife - PE, 51350-250, Brasil;-8.10944224686875;-34.92292479656128;2025-07-22 00:00:00+00:00;2025;7;0;madrugada;Homicidio/Tentativa;;False;False;False;1;0;1;1;0;0;0;True
2ed23d56-a263-4c93-8436-0de837edb792;72661;Tejipió;TEJIPIO;R. Aracaju - Tejipio, Recife - PE, 50920-490, Brasil;-8.09132862641582;-34.96194618651126;2025-07-22 12:45:00+00:00;2025;7;12;tarde;Homicidio/Tentativa;;False;False;False;1;0;1;1;0;0;0;True
9309ea4c-1ee6-428e-b68e-2d74e213820b;72695;Prado;PRADO;Av. Eng. Abdias de Carvalho - Prado, Recife - PE, 50720-225, Brasil;-8.061057435483876;-34.9223120343821;2025-07-23 00:00:00+00:00;2025;7;0;madrugada;Tentativa/Roubo;;False;True;False;0;1;1;0;1;0;0;True
620deac6-399c-478f-9a19-ba1618e851a3;72696;Pina;PINA;Comunidade do Bode - R. João Bandeira de Melo - Pina, Recife - PE, 51011-000, Brasil;-8.095041056982222;-34.88786810344867;2025-07-23 00:00:00+00:00;2025;7;0;madrugada;Homicidio/Tentativa;;False;False;False;1;1;2;1;1;0;0;True
f7c299fb-25e3-42e9-b235-bbb9877c8e4b;72721;Bongi;BONGI;Rua Pedro Américo - Bongi, Recife - PE, Brasil;-8.0655384;-34.9180086;2025-07-25 00:00:00+00:00;2025;7;0;madrugada;Tentativa/Roubo;;False;False;False;0;0;0;0;0;0;0;False
bd94c4d7-45c4-4511-b5e7-b7996961a7f2;72754;Cordeiro;CORDEIRO;R. Dr. José Carneiro Vilar - Cordeiro, Recife - PE, 50731-150, Brasil;-8.041525489963986;-34.926741935581816;2025-07-27 00:00:00+00:00;2025;7;0;madrugada;Homicidio/Tentativa;;False;False;False;1;0;1;1;0;0;0;True
ffd63dc7-01de-4e35-b0b9-da9536ffed4f;72755;Bomba do Hemetério;BOMBA DO HEMETERIO;R. Marilena - Bomba do Hemetério, Recife - PE, 52131-541, Brasil;-8.019853605169928;-34.9047161325285;2025-07-27 03:00:00+00:00;2025;7;3;madrugada;Homicidio/Tentativa;Disputa;False;False;False;1;0;1;1;0;0;0;True
8132c8d0-cbfa-43e1-bae3-e2cd56631d80;72772;Jardim São Paulo;JARDIM SAO PAULO;R. Jundiaí - Jardim São Paulo, Recife - PE, 50790-010, Brasil;-8.077217514814665;-34.945898421548065;2025-07-28 00:00:00+00:00;2025;7;0;madrugada;Homicidio/Tentativa;;False;False;False;1;0;1;1;0;0;0;True
d784da84-2c4a-45ea-936d-b730961fdd17;72789;Engenho do Meio;ENGENHO DO MEIO;Rua Antônio Curado - Engenho do Meio, Recife - PE, Brasil;-8.056623;-34.941976;2025-07-29 00:00:00+00:00;2025;7;0;madrugada;Ação policial;Tentativa/Roubo;True;True;False;0;0;0;0;0;0;0;False
c4d560f1-c3a0-4fd8-bc66-ab202fd45119;72810;Córrego do Jenipapo;CORREGO DO JENIPAPO;R. Padre Antônio Prado - Córrego do Jenipapo, Recife - PE, 52091-200, Brasil;-8.00172099095492;-34.93725823125942;2025-07-30 00:00:00+00:00;2025;7;0;madrugada;Ação policial;Tentativa/Roubo;True;True;False;1;0;1;1;0;0;0;True
bc2e3f0e-e761-4c86-8469-76e50b800c29;72830;Mustardinha;MUSTARDINHA;R. Grão Mogol - Mustardinha, Recife - PE, 50760-350, Brasil;-8.072300796911899;-34.91886840596054;2025-07-31 00:00:00+00:00;2025;7;0;madrugada;Homicidio/Tentativa;;False;False;False;1;0;1;1;0;0;0;True
6632a05a-6478-4e5d-8af6-b536a22d7edd;72855;Prado;PRADO;Comunidade Sítio do Berardo - R. Manicoré - Prado, Recife - PE, 50720-145, Brasil;-8.056810903330533;-34.91623053624473;2025-08-01 00:00:00+00:00;2025;8;0;madrugada;Homicidio/Tentativa;;False;False;False;1;0;1;1;0;0;0;True
3c8b7924-6013-4beb-a9eb-5226ef9f514e;72897;Guabiraba;GUABIRABA;Vila Aritana - Estr. dos Macacos - Guabiraba, Recife - PE, Brasil;-7.99612789966203;-34.95525526136543;2025-08-03 00:00:00+00:00;2025;8;0;madrugada;Homicidio/Tentativa;;False;False;False;0;2;2;0;2;0;0;True
ae71c891-2169-44f9-80ab-faff1788346e;72903;Nova Descoberta;NOVA DESCOBERTA;Avenida Vereador Otacílio de Azevedo - Nova Descoberta, Recife - PE, Brasil;-8.000074;-34.9227289;2025-08-04 00:00:00+00:00;2025;8;0;madrugada;Tentativa/Roubo;Homicidio/Tentativa;False;False;False;1;0;1;1;0;0;0;True
58dc331b-4d2c-435a-8c1f-8c92db94d179;72948;Vasco da Gama;VASCO DA GAMA;Comunidade Dom Helder Câmara - Av. Ver. Otacílio Azevedo, Vasco da Gama, Recife - PE, Brasil;-8.003086340701412;-34.91891847669448;2025-08-05 00:00:00+00:00;2025;8;0;madrugada;Homicidio/Tentativa;;False;False;False;0;1;1;0;1;0;0;True
3028f57e-b51f-44be-a745-8167a9021a10;72959;Nova Descoberta;NOVA DESCOBERTA;Praça da Avenida Josélia - Nova Descoberta, Recife - PE, 52190-197, Brasil;-8.002527941150154;-34.92672270347392;2025-08-06 21:00:00+00:00;2025;8;21;noite;Homicidio/Tentativa;;False;False;False;1;0;1;1;0;0;0;True
79866a27-b2e3-4ec1-8e5f-51c99fb3d763;72960;Boa Viagem;BOA VIAGEM;R. Ribeiro de Brito - Boa Viagem, Recife - PE, 51021-310, Brasil;-8.123180479929399;-34.902037204791235;2025-08-06 21:00:00+00:00;2025;8;21;noite;Homicidio/Tentativa;;False;False;False;1;0;1;1;0;0;0;True
be4d3f2e-ef07-4016-ae84-a17e2851ce5f;72978;Ilha Joana Bezerra;ILHA JOANA BEZERRA;Comunidade do Coque - Av. Martin Luther King - Ilha Joana Bezerra, Recife - PE, 50080-090, Brasil;-8.069133862328346;-34.89914419205481;2025-08-07 00:00:00+00:00;2025;8;0;madrugada;Homicidio/Tentativa;;False;False;False;0;1;1;0;1;0;0;True
1f304f52-255b-44d1-a3ad-d59d5755494e;72990;Passarinho;PASSARINHO;Rua Vale Fundo - Passarinho, Recife - PE, Brasil;-7.9848134;-34.920049;2025-08-08 00:00:00+00:00;2025;8;0;madrugada;Homicidio/Tentativa;;False;False;False;1;0;1;1;0;0;0;True
252f0a4c-3786-4528-913d-51b94bb6ce31;73012;Dois Unidos;DOIS UNIDOS;Avenida Chagas Ferreira - Dois Unidos - Recife - PE, 52191, Brasil;-7.996418818470909;-34.922432981011625;2025-08-10 00:00:00+00:00;2025;8;0;madrugada;Homicidio/Tentativa;Disputa;False;False;False;1;0;1;1;0;0;0;True
d8627e8c-2438-4ecf-ad2d-834856f0624b;73023;Afogados;AFOGADOS;Rua Firmino de Figueiredo - Afogados, Recife - PE, Brasil;-8.0747243;-34.9061533;2025-08-10 00:00:00+00:00;2025;8;0;madrugada;Homicidio/Tentativa;;False;False;False;1;0;1;1;0;0;0;True
41f3df1f-ee44-4c59-90dc-d08301a48985;73022;Nova Descoberta;NOVA DESCOBERTA;Alto do Cruzeiro - Rua Francisco Passos - Nova Descoberta, Recife - PE, Brasil;-8.0182984;-34.9274838;2025-08-10 00:00:00+00:00;2025;8;0;madrugada;Homicidio/Tentativa;Não identificado;False;False;False;1;2;3;1;2;0;0;True
0a3b3519-f996-4364-a4f9-142431b4c429;73010;Alto José Bonifácio;ALTO JOSE BONIFACIO;Alto José Bonifacio, Recife - PE, Brasil;-8.0133301;-34.913243;2025-08-10 00:00:00+00:00;2025;8;0;madrugada;Homicidio/Tentativa;;False;False;False;1;0;1;1;0;0;0;True
4b7816fd-4cd1-4dff-9879-3be101791498;73011;Macaxeira;MACAXEIRA;Córrego do Eucalipto - Tv. Dep. Gomes de Sá - Macaxeira, Recife - PE, 52190-525, Brasil;-8.006057846419344;-34.927155712292475;2025-08-10 00:00:00+00:00;2025;8;0;madrugada;Homicidio/Tentativa;;False;False;False;1;0;1;1;0;0;0;True
ab47efb4-3526-4f45-a061-1b133d4fd7ef;73035;Brejo de Beberibe;BREJO DE BEBERIBE;Comunidade Cingapura - Av. Ver. Otacílio Azevedo - Brejo de Beberibe, Recife - PE, 52081-550, Brasil;-7.998743074106558;-34.9240889497288;2025-08-11 00:00:00+00:00;2025;8;0;madrugada;Homicidio/Tentativa;Disputa;False;False;False;1;0;1;1;0;0;0;True
f44c4025-3c49-488e-b3e5-27bafda60770;73024;Boa Viagem;BOA VIAGEM;Comunidade da Borborema - Boa Viagem, Brasil;-8.14362337575885;-34.913557460894154;2025-08-11 00:00:00+00:00;2025;8;0;madrugada;Tentativa/Roubo;Homicidio/Tentativa;False;True;False;0;1;1;0;0;0;1;True
79d636a8-223c-4a00-96b5-7b41b4aa0641;73099;Santo Amaro;SANTO AMARO;Rua José Penante - Santo Amaro, Recife - PE, Brasil;-8.0448038;-34.8779845;2025-08-11 02:40:00+00:00;2025;8;2;madrugada;Outro;Homicidio/Tentativa;False;False;False;0;0;0;0;0;0;0;False
d03fa3ed-dfbf-4ffd-bf67-d63e918cf2db;73033;Ilha Joana Bezerra;ILHA JOANA BEZERRA;Comunidade do Coque - Ilha Joana Bezerra, Recife - PE, 50080-600, Brasil;-8.072486;-34.901464;2025-08-11 03:20:00+00:00;2025;8;3;madrugada;Homicidio/Tentativa;;False;False;False;1;0;1;1;0;0;0;True
4c1eeffd-cd7d-4ef0-b0cc-c480200c88f0;73084;Torrões;TORROES;Torrões, Recife - PE, Brasil;-8.0594625;-34.9359717;2025-08-14 00:00:00+00:00;2025;8;0;madrugada;Homicidio/Tentativa;;False;False;False;0;1;1;0;1;0;0;True
30b33828-a8ce-4e90-8c67-70350ffdb0f5;73083;Curado;CURADO;Planeta dos Macacos - R. Taciaba - Curado, Recife - PE, 50790-605, Brasil;-8.08006497491729;-34.95341725995345;2025-08-14 00:00:00+00:00;2025;8;0;madrugada;Homicidio/Tentativa;;False;False;False;1;0;1;1;0;0;0;True
2e69096f-4647-4533-9f26-413567946cbc;73124;Ilha Joana Bezerra;ILHA JOANA BEZERRA;Av. Des. Guerra Barreto - Ilha Joana Bezerra, Recife - PE, 50030-230, Brasil;-8.068531806295356;-34.89620058969869;2025-08-15 00:00:00+00:00;2025;8;0;madrugada;Homicidio/Tentativa;Tentativa/Roubo;False;False;False;1;0;1;1;0;0;0;True
2da94f70-e8e2-4444-8c02-18f736ee0bec;73119;Várzea;VARZEA;Av. Afonso Olindense - Várzea, Recife - PE, 51345-100, Brasil;-8.040283734909506;-34.9579081343827;2025-08-15 00:00:00+00:00;2025;8;0;madrugada;Homicidio/Tentativa;;False;False;False;1;0;1;1;0;0;0;True
638ed97d-59dd-4d07-8506-8017ee76415c;73098;Água Fria;AGUA FRIA;Alto do Pascoal - Rua da Vitória - Água Fria, Recife - PE, Brasil;-8.0149929;-34.8992231;2025-08-15 00:00:00+00:00;2025;8;0;madrugada;Homicidio/Tentativa;;False;False;False;1;0;1;1;0;0;0;True
ff4926c8-bdb4-4bee-8edc-7c502705dc52;73121;Ilha do Retiro;ILHA DO RETIRO;Comunidade Caranguejo Tabaiares - R. Zeferino Sáles - Ilha do Retiro, Recife - PE, 50750-240, Brasil;-8.065500308101758;-34.90724487670944;2025-08-15 20:30:00+00:00;2025;8;20;noite;Homicidio/Tentativa;;False;False;False;1;0;1;1;0;0;0;True
80b7369a-1ab1-4c03-980b-9e597ba1711b;73156;Mangueira;MANGUEIRA;R. Italiana - Mangueira, Recife - PE, 50820-180, Brasil;-8.078279651042376;-34.92084524954565;2025-08-17 01:00:00+00:00;2025;8;1;madrugada;Homicidio/Tentativa;;False;False;False;1;0;1;1;0;0;0;True
8dcb5238-969f-4b94-a6af-19a407c10b44;73184;Nova Descoberta;NOVA DESCOBERTA;Córrego da Areia - Nova Descoberta, Recife - PE, Brasil;-8.0003283;-34.9288697;2025-08-18 00:00:00+00:00;2025;8;0;madrugada;Homicidio/Tentativa;Não identificado;False;False;False;1;0;1;1;0;0;0;True
a9085352-0fc3-454a-9b85-eabc2f5018a4;73178;Coelhos;COELHOS;Rua Prefeito Jorge Martins - Coelhos, Recife - PE, Brasil;-8.0693061;-34.8878946;2025-08-18 00:00:00+00:00;2025;8;0;madrugada;Homicidio/Tentativa;;False;False;False;0;1;1;0;1;0;0;True
d71e6e53-89ca-4cb6-ac49-5f9da63ccdac;73197;Nova Descoberta;NOVA DESCOBERTA;Alto do Refugio - R. Córrego da Areia - Nova Descoberta, Recife - PE, 52191-040, Brasil;-7.999404599718936;-34.92763784866847;2025-08-20 00:00:00+00:00;2025;8;0;madrugada;Homicidio/Tentativa;;False;False;False;1;0;1;1;0;0;0;True
ab518440-749a-4dd5-9edb-ee041f4ada83;73225;Ibura;IBURA;UPA da Lagoa Encantada - R. Vale do Itajaí - Lagoa Encantada, Recife - PE, 51320-180, Brasil;-8.12873731573806;-34.94913509072578;2025-08-21 00:00:00+00:00;2025;8;0;madrugada;Homicidio/Tentativa;;False;False;False;1;0;1;1;0;0;0;True
e3daafba-e2ef-4823-978c-2fa05d4ac150;73226;Torrões;TORROES;Comunidade Roda de Fogo - R. Maestro Jones Johnsson - Torrões, Recife - PE, 50640-531, Brasil;-8.059767029693177;-34.93607376788027;2025-08-21 00:00:00+00:00;2025;8;0;madrugada;Homicidio/Tentativa;;False;False;False;1;0;1;1;0;0;0;True
f404e960-d6dd-49f9-bd0d-47d56f501b57;73235;Imbiribeira;IMBIRIBEIRA;Rua Izabel de Souza - Imbiribeira, Recife - PE, Brasil;-8.1098698;-34.9129423;2025-08-22 00:00:00+00:00;2025;8;0;madrugada;Tentativa/Roubo;Homicidio/Tentativa;False;False;False;0;1;1;0;1;0;0;True
277dcdd1-ed90-4131-bebc-4caff6b5273f;73242;Alto Santa Terezinha;ALTO SANTA TERESINHA;Córrego José Grande - R. Nestor Taváres - Alto Santa Teresinha, Recife - PE, 52080-060, Brasil;-8.015364711556174;-34.90906171454164;2025-08-23 00:00:00+00:00;2025;8;0;madrugada;Homicidio/Tentativa;Não identificado;False;False;False;1;0;1;1;0;0;0;True
9a825a8e-cf1f-4a35-b97f-8278f0e32679;73268;São José;SAO JOSE;Comunidade do Coque - R. João Meira Lins - São José, Recife - PE, 50090-520, Brasil;-8.07365613437066;-34.895345476727734;2025-08-24 00:00:00+00:00;2025;8;0;madrugada;Homicidio/Tentativa;;False;False;False;0;1;1;0;1;0;0;True
6e4b0a21-946b-43cd-a5a3-97869c1ff596;73299;Alto José do Pinho;ALTO JOSE DO PINHO;R. União da Vitória - Alto José do Pinho, Recife - PE, 52210-340, Brasil;-8.019839080473666;-34.91037525337289;2025-08-25 23:52:00+00:00;2025;8;23;noite;Ação policial;;True;True;False;0;1;1;0;1;0;0;True
4836f702-52b5-4f68-afb7-456376004a2c;73315;Cordeiro;CORDEIRO;R. Dr. José Carneiro Vilar - Cordeiro, Recife - PE, 50731-150, Brasil;-8.041549381118413;-34.9268011712361;2025-08-26 00:00:00+00:00;2025;8;0;madrugada;Homicidio/Tentativa;;False;False;False;1;0;1;1;0;0;0;True
63263110-89cd-48aa-be40-ca6f1acc1592;73313;Afogados;AFOGADOS;Vila São Miguel - Rio Tejipió - Afogados, Recife - PE, 50770-765, Brasil;-8.08477165255699;-34.911271477329144;2025-08-26 09:30:00+00:00;2025;8;9;manha;Homicidio/Tentativa;;False;False;False;1;0;1;1;0;0;0;True
acd662de-e5b0-4fed-b816-22ac52c4ce0b;73354;Mangueira;MANGUEIRA;Mangueira, Recife - PE, Brasil;-8.0766438;-34.9210276;2025-08-29 00:00:00+00:00;2025;8;0;madrugada;Homicidio/Tentativa;;False;False;False;0;1;1;0;1;0;0;True
d12dcdb7-7883-422d-a2a7-3a6c8cab250a;73358;Macaxeira;MACAXEIRA;Alto do Burity - Macaxeira, Recife - PE, 52190-000, Brasil;-8.01050353;-34.92899304;2025-08-29 00:00:00+00:00;2025;8;0;madrugada;Homicidio/Tentativa;;False;False;False;1;0;1;1;0;0;0;True
ca4ccbe1-64ae-439b-a130-6dd9101500d7;73357;Pina;PINA;Conjunto Habitacional Brasília Teimosa - Pina, Recife - PE, 51011-685, Brasil;-8.085197517681046;-34.88482225073975;2025-08-29 00:00:00+00:00;2025;8;0;madrugada;Homicidio/Tentativa;;False;False;False;1;0;1;1;0;0;0;True
995a5781-6003-49dc-84d4-cd3c13e6af59;73386;Nova Descoberta;NOVA DESCOBERTA;Alto das Pedrinhas - R. Canaã - Nova Descoberta, Recife - PE, 51330-265, Brasil;-8.014769127840653;-34.923917864100694;2025-08-31 00:00:00+00:00;2025;8;0;madrugada;Homicidio/Tentativa;;False;False;False;1;0;1;1;0;0;0;True
83590a2f-1269-46a1-b01b-80a0e943e463;73396;Brasília Teimosa;BRASILIA TEIMOSA;R. Roberto Magalhães - Brasília Teimosa, Recife - PE, 51010-045, Brasil;-8.082784185089757;-34.88326863883805;2025-08-31 00:00:00+00:00;2025;8;0;madrugada;Homicidio/Tentativa;;False;False;False;1;0;1;1;0;0;0;True
82013f3b-6f81-42db-8169-a7a810eb24f3;73403;Engenho do Meio;ENGENHO DO MEIO;Tv. Valdemar Falcão - Engenho do Meio, Recife - PE, 50730-021, Brasil;-8.059588103292947;-34.9454830478732;2025-08-31 00:00:00+00:00;2025;8;0;madrugada;Homicidio/Tentativa;Briga;False;True;False;3;1;4;2;1;1;0;True
ecc41226-719c-41f0-8704-0661769b4dd8;73397;Boa Viagem;BOA VIAGEM;Rua Coronel Benedito Chaves - Boa Viagem, Recife - PE, Brasil;-8.1281153;-34.9009653;2025-08-31 00:00:00+00:00;2025;8;0;madrugada;Homicidio/Tentativa;;False;False;False;1;0;1;1;0;0;0;True
fdaaa49b-3493-4260-a9db-255c788efea8;73412;Brejo de Beberibe;BREJO DE BEBERIBE;Brejo de Beberibe, Recife - PE, Brasil;-7.999055100000001;-34.9237848;2025-09-01 00:00:00+00:00;2025;9;0;madrugada;Ação policial;;True;True;False;0;1;1;0;1;0;0;True
2096f0d3-bf2e-4b55-bf41-7c8a409a1422;73413;Areias;AREIAS;Vila Cardeal e Silva - Av. Recife - Areais, Recife - PE, 50865-030, Brasil;-8.094688845808601;-34.929006701983354;2025-09-01 00:00:00+00:00;2025;9;0;madrugada;Homicidio/Tentativa;;False;False;False;0;1;1;0;1;0;0;True
cf2d2a4f-e2b0-4cde-bd38-a053bd43fa71;73419;Dois Unidos;DOIS UNIDOS;Av. Chagas Ferreira - Dois Unidos, Recife - PE, 52150-000, Brasil;-7.996347331869616;-34.92238751388988;2025-09-01 00:00:00+00:00;2025;9;0;madrugada;Homicidio/Tentativa;;False;False;False;0;1;1;0;1;0;0;True
6adacfba-62d1-4c76-a1fa-4aaa9f2f8d62;73409;Água Fria;AGUA FRIA;Alto do Pascoal - R. Tupanci - Água Fria, Recife - PE, 52111-640, Brasil;-8.015294387991988;-34.902906398140935;2025-09-01 00:00:00+00:00;2025;9;0;madrugada;Homicidio/Tentativa;Não identificado;False;False;False;1;0;1;1;0;0;0;True
e663d0ab-fd73-4c25-ad01-3a381ecb5422;73435;Torrões;TORROES;Comunidade Roda de Fogo - R. Prof. Artur Coutinho - Torrões, Recife - PE, 50650-000, Brasil;-8.059267588810755;-34.93809417485517;2025-09-02 00:00:00+00:00;2025;9;0;madrugada;Homicidio/Tentativa;;False;False;False;0;1;1;0;1;0;0;True
bda1c53b-3321-45a5-9b61-6fe8d15b3aad;73445;Guabiraba;GUABIRABA;Córrego José Idalino - Avenida da Recuperação - Brejo da Guabiraba, Recife - PE, 52291-060, Brasil;-7.993767176042451;-34.93729987463843;2025-09-03 00:00:00+00:00;2025;9;0;madrugada;Homicidio/Tentativa;;False;False;False;1;0;1;1;0;0;0;True
0e93b32e-bb17-4ea2-b5a3-9985ddabb52f;73449;Campina do Barreto;CAMPINA DO BARRETO;Mercadinho Vitória - Rua dos Craveiros - Campina do Barreto, Recife - PE, Brasil;-8.0148212;-34.881561;2025-09-04 10:00:00+00:00;2025;9;10;manha;Homicidio/Tentativa;;False;False;False;1;0;1;1;0;0;0;True
56e3d9c3-6e09-486c-bd71-833efce78eef;73494;Boa Vista;BOA VISTA;R. José de Alencar - Boa Vista, Recife - PE, 50070-075, Brasil;-8.059360420222616;-34.887690148023985;2025-09-05 00:00:00+00:00;2025;9;0;madrugada;Homicidio/Tentativa;;False;False;False;1;0;1;1;0;0;0;True
86562036-395f-44a5-908e-5b2596f3f6ac;73493;Areias;AREIAS;Comunidade Beirinha - Areias, Recife - PE, 50860-240, Brasil;-8.100928704931611;-34.9252557336957;2025-09-05 00:00:00+00:00;2025;9;0;madrugada;Homicidio/Tentativa;;False;False;False;1;0;1;1;0;0;0;True
ff7355da-d8a6-4ad2-95d6-802d75bb7935;73485;Jardim São Paulo;JARDIM SAO PAULO;Rod. Governador Mário Covas, Jardim São Paulo, Recife - Brasil;-8.075223669547647;-34.94269467903223;2025-09-05 00:00:00+00:00;2025;9;0;madrugada;Homicidio/Tentativa;Não identificado;False;False;False;1;0;1;1;0;0;0;True
f9862a89-b3cb-473e-b040-8392668170cc;73517;Afogados;AFOGADOS;R. Prof. Frederico Curió - Afogados, Recife - PE, 50830-370, Brasil;-8.071674621396225;-34.910119485309295;2025-09-07 00:00:00+00:00;2025;9;0;madrugada;Homicidio/Tentativa;;False;False;False;1;0;1;1;0;0;0;True
8b4c9678-554d-4fc4-9242-f0f88185178e;73521;Brejo de Beberibe;BREJO DE BEBERIBE;Av. Ver. Otacílio Azevedo - Brejo de Beberibe, Recife - PE, 52291-250, Brasil;-7.988909049251701;-34.93240568649299;2025-09-07 21:20:00+00:00;2025;9;21;noite;Homicidio/Tentativa;;False;False;False;1;0;1;1;0;0;0;True
4d6be037-9e82-4274-b4a7-b58d3596f795;73522;Macaxeira;MACAXEIRA;Comunidade Bolo da Noiva - R. Dilermano Melo do Nascimento - Macaxeira, Recife - PE, Brasil;-8.008381795366253;-34.929068761184936;2025-09-07 22:00:00+00:00;2025;9;22;noite;Homicidio/Tentativa;;False;False;False;1;0;1;1;0;0;0;True
f605e98f-70ae-428b-9b5c-b4fbebdeb2de;73557;Nova Descoberta;NOVA DESCOBERTA;Córrego da Areia - Nova Descoberta, Recife - PE, 52070-013, Brasil;-8.001491236740826;-34.924110391403794;2025-09-09 17:30:00+00:00;2025;9;17;tarde;Ação policial;;True;True;False;0;1;1;0;1;0;0;True
bd7e5dac-e2cf-4b6a-97f4-8d7c136dc580;73566;Mangueira;MANGUEIRA;Mangueira, Recife - PE, Brasil;-8.0793;-34.92117;2025-09-10 00:00:00+00:00;2025;9;0;madrugada;Homicidio/Tentativa;;False;False;False;0;1;1;0;1;0;0;True
be4c3a73-3415-466d-a1b4-6649bae0017d;73565;Ilha Joana Bezerra;ILHA JOANA BEZERRA;Comunidade do Coque - Ilha Joana Bezerra, Recife - PE, 50610-100, Brasil;-8.068633069300377;-34.896474050674;2025-09-10 00:00:00+00:00;2025;9;0;madrugada;Homicidio/Tentativa;;False;False;False;0;1;1;0;1;0;0;True
c3d7bb8d-1098-49c5-a264-57091c3137bc;73564;Pina;PINA;Comunidade do Bode - Rua São Benedito - Pina, Recife - PE, Brasil;-8.0916062;-34.8893793;2025-09-10 00:00:00+00:00;2025;9;0;madrugada;Homicidio/Tentativa;;False;False;False;1;0;1;1;0;0;0;True
5df63ba9-809a-4e4f-9fe5-16500397f4e0;73558;Madalena;MADALENA;Rua Real da Torre - Madalena, Recife - PE, Brasil;-8.051888;-34.90839;2025-09-10 03:20:00+00:00;2025;9;3;madrugada;Homicidio/Tentativa;Não identificado;False;False;False;0;1;1;0;1;0;0;True
f8e83737-a01a-4868-b720-ee591df97514;73584;Sítio dos Pintos - São Brás;SITIO DOS PINTOS; Sítio dos Pintos, Recife - PE, 52171-050, Brasil;-8.013588659319279;-34.9583196441803;2025-09-11 00:00:00+00:00;2025;9;0;madrugada;Tentativa/Roubo;Não identificado;False;False;False;0;1;1;0;1;0;0;True
131ef609-64ca-4df4-be13-717da483238f;73579;Santo Antônio;SANTO ANTONIO;Av. Guararapes - Santo Antônio, Recife - PE, 50010-000, Brasil;-8.062590275181687;-34.88010614893976;2025-09-11 02:15:00+00:00;2025;9;2;madrugada;Homicidio/Tentativa;;False;False;False;1;0;1;1;0;0;0;True
87186275-43e3-4d12-b134-c0e5963ae2ae;73622;Nova Descoberta;NOVA DESCOBERTA;Alto Jardim Progresso - Nova Descoberta, Recife - PE, 52190-100, Brasil;-8.005338875793504;-34.927682958432186;2025-09-13 00:00:00+00:00;2025;9;0;madrugada;Homicidio/Tentativa;Não identificado;False;False;False;1;0;1;1;0;0;0;True
6f9ebefd-cc42-4d8e-b438-100cc5f2b91f;73615;Torre;TORRE;R. Souza Bandeira - Torre, Recife - PE, 50711-050, Brasil;-8.0481147475723;-34.91759691731224;2025-09-14 00:00:00+00:00;2025;9;0;madrugada;Homicidio/Tentativa;;False;False;False;1;0;1;1;0;0;0;True
5ddb1882-7944-4513-9070-0bb4c1efa302;73629;Guabiraba;GUABIRABA;Córrego José Idalino - Av. da Recuperação - Guabiraba, Recife - PE, 52291, Brasil;-7.992156979707506;-34.93637119329783;2025-09-15 00:00:00+00:00;2025;9;0;madrugada;Homicidio/Tentativa;Não identificado;False;False;False;1;0;1;1;0;0;0;True
a86e7537-7bc0-414a-8366-a6ef9fc4bd10;73639;Mustardinha;MUSTARDINHA;R. Lajes - Mustardinha, Recife - PE, 50760-180, Brasil;-8.070624253160226;-34.915892046170875;2025-09-15 00:00:00+00:00;2025;9;0;madrugada;Homicidio/Tentativa;;False;False;False;1;0;1;1;0;0;0;True
f89444a0-a62a-4276-b31d-151eb85c9fa6;73643;Bomba do Hemetério;BOMBA DO HEMETERIO;R. Castor - Bomba do Hemetério, Recife - PE, 52111-050, Brasil;-8.023671811134529;-34.89918520554652;2025-09-15 20:00:00+00:00;2025;9;20;noite;Homicidio/Tentativa;;False;False;False;1;0;1;1;0;0;0;True
139b00a5-a2bd-4bd5-b39a-28b07f55dfd3;73660;Alto José do Pinho;ALTO JOSE DO PINHO;Alto José do Pinho, Recife - PE, Brasil;-8.0230782;-34.9079298;2025-09-16 00:00:00+00:00;2025;9;0;madrugada;Homicidio/Tentativa;;False;False;False;0;1;1;0;1;0;0;True
1bce00f0-ff58-4ea4-acd9-633f32658609;73656;Alto José Bonifácio;ALTO JOSE BONIFACIO;R. Alto Nossa Sra. de Fátima - Alto José Bonifacio, Recife - PE, 52280-440, Brasil;-8.013960317092748;-34.91637108252403;2025-09-16 00:00:00+00:00;2025;9;0;madrugada;Homicidio/Tentativa;;False;False;False;1;0;1;1;0;0;0;True
be28a68a-5f74-4064-90c6-75c4759c3a67;73694;Alto José do Pinho;ALTO JOSE DO PINHO;Alto José do Pinho, Recife - PE, 52110-550, Brasil;-8.022276640852203;-34.90629843366871;2025-09-17 00:00:00+00:00;2025;9;0;madrugada;Disputa;;False;False;False;0;2;2;0;2;0;0;True
117538fe-2cb7-42cd-a6d1-c056b0291164;73693;Estância;ESTANCIA;R. Igaraí - Estância, Recife - PE, 50865, Brasil;-8.078615999891255;-34.93148364032785;2025-09-17 00:00:00+00:00;2025;9;0;madrugada;Homicidio/Tentativa;;False;False;False;1;0;1;1;0;0;0;True
0eb1528f-2f18-4452-9307-d91b70a58dab;73703;Nova Descoberta;NOVA DESCOBERTA;Comunidade da Josélia  - Nova Descoberta, Recife - PE, 52190-190, Brasil;-8.002454332515027;-34.926689202131016;2025-09-19 00:00:00+00:00;2025;9;0;madrugada;Homicidio/Tentativa;;False;False;False;1;0;1;1;0;0;0;True
321f2ba0-9ea2-4cf8-9129-9f2ac97c9773;73737;Cajueiro;CAJUEIRO;Alto Cajueiro - R. Sebastião Rêgo Barros - Cajueiro, Recife - PE, 52221-270, Brasil;-8.010270252397875;-34.88618739020198;2025-09-20 00:00:00+00:00;2025;9;0;madrugada;Tentativa/Roubo;;False;True;False;1;1;2;1;1;0;0;True
689e739c-1f00-4303-ac2c-9ae053b1ca8e;73735;Vasco da Gama;VASCO DA GAMA;R. Vasco da Gama - Vasco da Gama, Recife - PE, 52081-005, Brasil;-8.016393272183484;-34.92077544180298;2025-09-21 00:00:00+00:00;2025;9;0;madrugada;Homicidio/Tentativa;;False;False;False;1;0;1;1;0;0;0;True
15b7268a-ff2e-4f60-acd9-1895ebe6b039;73741;San Martin;SAN MARTIN;Avenida General San Martin - San Martin, Recife - PE, 50630, Brasil;-8.061258381235108;-34.92594099125888;2025-09-21 00:00:00+00:00;2025;9;0;madrugada;Homicidio/Tentativa;;False;False;False;1;0;1;1;0;0;0;True
063d4adf-0f4c-4749-8719-295d02a5ecf3;73742;Guabiraba;GUABIRABA;Comunidade Bola na Rede - Estrada da Mumbeca - Guabiraba, Recife - PE, 52490-010, Brasil;-7.964820299525024;-34.92293846025741;2025-09-21 20:30:00+00:00;2025;9;20;noite;Homicidio/Tentativa;;False;False;False;1;0;1;1;0;0;0;True
25325978-dfb9-4648-926c-a99202bc28ba;73781;Dois Unidos;DOIS UNIDOS;Dois Unidos, Recife - PE, Brasil;-8.0014722;-34.9140585;2025-09-24 00:00:00+00:00;2025;9;0;madrugada;Homicidio/Tentativa;;False;False;False;0;1;1;0;1;0;0;True
650b8713-e80f-4315-b00a-6c6efd2c71b2;73780;Sítio dos Pintos - São Brás;SITIO DOS PINTOS;R. Alto Bom Jesus - Sítio dos Pintos, Recife - PE, 52171-425, Brasil;-8.013554628159428;-34.95671214063015;2025-09-24 00:00:00+00:00;2025;9;0;madrugada;Homicidio/Tentativa;;False;False;False;1;0;1;1;0;0;0;True
ffc2fa71-9c5c-4793-93cd-0b41391f6c97;73786;Imbiribeira;IMBIRIBEIRA;Rua Olívia Menelau - Imbiribeira, Recife - PE, Brasil;-8.090838;-34.9087008;2025-09-25 00:00:00+00:00;2025;9;0;madrugada;Tentativa/Roubo;;False;True;False;1;0;1;1;0;0;0;True
5235c70c-3d69-4a3f-a5f0-095185d89327;73820;São José;SAO JOSE;Comunidade do Coque - R. Interlândia - São José, Recife - PE, 50090-610, Brasil;-8.076999576256725;-34.900374155497104;2025-09-26 00:00:00+00:00;2025;9;0;madrugada;Homicidio/Tentativa;;False;False;False;1;0;1;1;0;0;0;True
96445d03-1012-4132-a73d-2ad118516b6b;73843;Cohab;COHAB;Jardim Monte Verde - COHAB, Recife - PE, 54280-820, Brasil;-8.117911189314961;-34.95919161442157;2025-09-28 00:00:00+00:00;2025;9;0;madrugada;Homicidio/Tentativa;;False;False;False;0;1;1;0;1;0;0;True
3e87a5ab-ffcf-41ae-b83e-9f368ca0707d;73840;Campina do Barreto;CAMPINA DO BARRETO;Rua Doutor Elias Gomes - Campina do Barreto, Recife - PE, 52125-010, Brasil;-8.021331010157997;-34.880695723168536;2025-09-28 17:00:00+00:00;2025;9;17;tarde;Homicidio/Tentativa;;False;False;False;1;0;1;1;0;0;0;True
4bf8cb62-e20d-46b5-bf36-9a4c86aa6c5e;73864;Água Fria;AGUA FRIA;Alto do Deodato - R. Júlio José de Souza - Água Fria, Recife - PE, 52211-180, Brasil;-8.011469886908849;-34.898205990996246;2025-09-29 00:00:00+00:00;2025;9;0;madrugada;Tentativa/Roubo;;False;False;False;0;1;1;0;1;0;0;True
ca11e0d5-2fa6-4cc5-b4c5-b5c97c1f4cfb;73865;Bomba do Hemetério;BOMBA DO HEMETERIO;Bomba do Hemetério, Recife - PE, Brasil;-8.0215319;-34.9008558;2025-09-29 00:00:00+00:00;2025;9;0;madrugada;Homicidio/Tentativa;;False;False;False;0;1;1;0;1;0;0;True
769f475f-b8a3-45fb-9765-14f568193cda;73866;Campo Grande;CAMPO GRANDE;Estrada de Belém - Campo Grande, Recife - PE, Brasil;-8.0321801;-34.879321;2025-09-29 18:30:00+00:00;2025;9;18;noite;Homicidio/Tentativa;;False;False;False;1;0;1;1;0;0;0;True
fd2baa1a-dd03-4fae-8ea0-b484c2f271ba;73893;Dois Unidos;DOIS UNIDOS;Dois Unidos, Recife - PE, Brasil;-8.0014722;-34.9140585;2025-10-01 00:00:00+00:00;2025;10;0;madrugada;Homicidio/Tentativa;Disputa;False;False;False;0;1;1;0;1;0;0;True
a338f6f9-0e3c-4d79-a6a0-53b9809fbfef;73892;Afogados;AFOGADOS;Afogados, Recife - PE, Brasil;-8.077032599999999;-34.9091753;2025-10-01 00:00:00+00:00;2025;10;0;madrugada;Homicidio/Tentativa;;False;False;False;0;1;1;0;1;0;0;True
1d62d97f-97dd-4970-a652-19f66b5c492f;73905;Alto José do Pinho;ALTO JOSE DO PINHO;Alto José do Pinho, Recife - PE, Brasil;-8.0230782;-34.9079298;2025-10-02 00:00:00+00:00;2025;10;0;madrugada;Homicidio/Tentativa;;False;False;False;0;1;1;0;1;0;0;True
65e78f00-6882-4dee-baa2-26e5ccfdba70;74081;Boa Viagem;BOA VIAGEM;Boa Viagem, Recife - PE, Brasil;-8.1317303;-34.902409;2025-10-03 00:00:00+00:00;2025;10;0;madrugada;Disparo Acidental;;False;True;False;0;1;1;0;0;0;1;True
adcf085e-6c51-4648-9ce5-c41ab7a5fe07;73954;Ipsep;IPSEP;Rua Itaquice - Ipsep, Recife - PE, Brasil;-8.1065339;-34.9172462;2025-10-03 21:00:00+00:00;2025;10;21;noite;Homicidio/Tentativa;Não identificado;False;False;False;1;0;1;1;0;0;0;True
2fdfafa9-6558-4606-9feb-5708ece59bd1;73949;Dois Unidos;DOIS UNIDOS;Alto do Rosário - Dois Unidos, Recife - PE, 52150-110, Brasil;-7.99935525;-34.9192089;2025-10-04 19:00:00+00:00;2025;10;19;noite;Homicidio/Tentativa;;False;False;False;1;0;1;1;0;0;0;True
0bdcee86-2881-4799-a393-038e96b175d8;73940;Bongi;BONGI;R. Doná Maria Augusta Nogueira - Bongi, Recife - PE, 50751-535, Brasil;-8.064056489428896;-34.9220049399563;2025-10-05 00:00:00+00:00;2025;10;0;madrugada;Homicidio/Tentativa;;False;False;False;1;1;2;1;1;0;0;True
adc7d240-3e2d-4e17-a3e9-d2ff253bff48;73970;Alto José do Pinho;ALTO JOSE DO PINHO;R. Severino Bernardino Pereira - Alto José do Pinho, Recife - PE, 52110-460, Brasil;-8.022384573726326;-34.90585273372844;2025-10-05 00:00:00+00:00;2025;10;0;madrugada;Tiros a esmo;;False;False;False;0;0;0;0;0;0;0;False
9c5b8c84-fba8-4e92-a0f4-1764da64376b;73962;Cohab;COHAB;UR-02 - Rua Alexandre Bell - COHAB, Recife - PE, 51340-233, Brasil;-8.116500666429097;-34.95634205083734;2025-10-06 00:00:00+00:00;2025;10;0;madrugada;Homicidio/Tentativa;;False;False;False;1;0;1;1;0;0;0;True
8340c2fd-eaf8-4b1d-86cc-5c6da673e51e;73969;Água Fria;AGUA FRIA;Alto do Pascoal - Campo do Barreirão - Rua Professora Lourdes Dutra - Água Fria, Recife - PE, Brasil;-8.0165477;-34.8944898;2025-10-07 00:00:00+00:00;2025;10;0;madrugada;Homicidio/Tentativa;;False;False;False;1;0;1;1;0;0;0;True
9346aa59-67c8-4c16-b684-430cfbfbad56;73981;São José;SAO JOSE;São José, Recife - PE, Brasil;-8.071921699999999;-34.8821777;2025-10-07 00:00:00+00:00;2025;10;0;madrugada;Homicidio/Tentativa;;False;False;False;1;0;1;1;0;0;0;True
ea211820-559f-4ace-baaa-d529089bffa1;74003;Alto Santa Terezinha;ALTO SANTA TERESINHA;Alto Santa Teresinha, Recife - PE, Brasil;-8.016644099999999;-34.9086105;2025-10-08 00:00:00+00:00;2025;10;0;madrugada;Homicidio/Tentativa;;False;False;False;0;1;1;0;1;0;0;True
6300fbea-17ea-439c-8fd1-c7552b9445ae;74057;Macaxeira;MACAXEIRA;Alto do Burity - Rua Sônia Maria Lopes Morães - Macaxeira, Recife - PE, Brasil;-8.0095899;-34.930497;2025-10-10 21:15:00+00:00;2025;10;21;noite;Disputa;;False;False;False;1;1;2;1;1;0;0;True
c8f65918-a15d-4ed3-9254-3b2617aa3a4c;74067;Bongi;BONGI;Terminal Do Bongi - Rua Doná Maria Augusta Nogueira - Bongi, Recife - PE, Brasil;-8.063996699999999;-34.9215806;2025-10-11 00:00:00+00:00;2025;10;0;madrugada;Homicidio/Tentativa;;False;False;False;0;1;1;0;1;0;0;True
95fb8bd7-adea-4403-b90d-adc55a615fc4;74053;Boa Viagem;BOA VIAGEM;R. Cel. Anizío Rodrigues Coelho - Boa Viagem, Recife - PE, 51021-130, Brasil;-8.124756646091587;-34.90706078742607;2025-10-12 00:00:00+00:00;2025;10;0;madrugada;Homicidio/Tentativa;;False;False;False;1;0;1;1;0;0;0;True
36c9960e-48d3-4800-9f9f-d54498e60271;74054;Jiquiá;JIQUIA;1ª Travessa Bezinha - Jiquiá, Recife - PE, 50865-040, Brasil;-8.077143633707093;-34.93161313149727;2025-10-12 00:00:00+00:00;2025;10;0;madrugada;Homicidio/Tentativa;;False;False;True;3;0;3;3;0;0;0;True
eff5d62a-19fc-4f23-95a5-855b5b8ab8e6;74055;Alto José Bonifácio;ALTO JOSE BONIFACIO;Córrego do Euclides - Rua Córrego do Euclídes - Alto José Bonifacio, Recife - PE, Brasil;-8.0131948;-34.9148128;2025-10-12 00:00:00+00:00;2025;10;0;madrugada;Homicidio/Tentativa;;False;False;False;1;0;1;1;0;0;0;True
bf85c858-761f-463b-b315-4b885a6c8ec2;74056;Iputinga;IPUTINGA;R. Itapiranga - Iputinga, Recife - PE, 50680-210, Brasil;-8.034608812465835;-34.92989076820495;2025-10-12 00:00:00+00:00;2025;10;0;madrugada;Homicidio/Tentativa;;False;False;False;1;0;1;1;0;0;0;True
6c3bc830-a6ef-4dde-aade-c64d95dcaaa8;74052;Santo Amaro;SANTO AMARO;Santo Amaro, Recife - PE, Brasil;-8.0475782;-34.8770219;2025-10-12 00:00:00+00:00;2025;10;0;madrugada;Homicidio/Tentativa;;False;False;False;1;0;1;1;0;0;0;True
b56a33f0-2913-4326-9d51-8413f387d131;74075;Cordeiro;CORDEIRO; Praça do Campo do 15 - Cordeiro, Recife - PE, 50640-000, Brasil;-8.058061939971093;-34.93133064070337;2025-10-13 00:00:00+00:00;2025;10;0;madrugada;Homicidio/Tentativa;;False;False;False;1;0;1;1;0;0;0;True
0e35df3f-8f33-40e1-baa7-557624095eeb;74078;Afogados;AFOGADOS;R. São Felipe - Afogados, Recife - PE, 50830-330, Brasil;-8.070017060798794;-34.90903331510976;2025-10-13 00:00:00+00:00;2025;10;0;madrugada;Homicidio/Tentativa;Disputa;False;False;False;1;0;1;1;0;0;0;True
670f8292-590d-4fbb-9d04-7ab5dd3829d9;74065;Água Fria;AGUA FRIA;Rua Atalanta - Água Fria, Recife - PE, Brasil;-8.0169314;-34.9028406;2025-10-13 01:00:00+00:00;2025;10;1;madrugada;Homicidio/Tentativa;;False;False;True;3;2;5;3;2;0;0;True
6434fe4a-7614-4267-947a-c2daf6a89f30;74076;Boa Viagem;BOA VIAGEM;R. Aviador Severiano Lins - Boa Viagem, Recife - PE, 51111-050, Brasil;-8.108621347739353;-34.893493603059426;2025-10-13 23:25:00+00:00;2025;10;23;noite;Homicidio/Tentativa;;False;False;False;0;1;1;0;1;0;0;True
919fe8ed-f15f-41d9-8a15-03c0f4b34154;74094;Prado;PRADO;R. Xavier Sobrinho - Prado, Recife - PE, 50630-400, Brasil;-8.058896679335914;-34.92086906735231;2025-10-14 00:00:00+00:00;2025;10;0;madrugada;Homicidio/Tentativa;Disputa;False;False;False;1;0;1;1;0;0;0;True
83762ebd-fb59-4e19-a763-99d7eb1d0914;74122;Alto Santa Terezinha;ALTO SANTA TERESINHA;Alto Santa Teresinha, Recife - PE, 52211-005, Brasil;-8.012976913275791;-34.90523126483533;2025-10-16 00:00:00+00:00;2025;10;0;madrugada;Homicidio/Tentativa;;False;False;False;0;1;1;0;1;0;0;True
84b16797-e3ed-46e2-9479-83163f3af102;74128;Curado;CURADO;BR-101 - Curado, Recife - PE, 50790, Brasil;-8.075005328402145;-34.94300835927733;2025-10-17 00:00:00+00:00;2025;10;0;madrugada;Homicidio/Tentativa;;False;False;False;1;0;1;1;0;0;0;True
6919b04f-5ea9-4ec9-a131-85e3384b661f;74135;Passarinho;PASSARINHO;Córrego da Bica - Rua Jornalista Waldete Agra - Passarinho, Recife - PE, Brasil;-7.9869232;-34.9306808;2025-10-17 00:00:00+00:00;2025;10;0;madrugada;Homicidio/Tentativa;;False;False;False;1;0;1;1;0;0;0;True
d169803f-3603-4661-8919-5bd7d18a2d36;74173;Morro da Conceição;MORRO DA CONCEICAO;Rua Santa Gertrúdes - Morro da Conceição, Recife - PE, Brasil;-8.0199494;-34.9124302;2025-10-18 00:00:00+00:00;2025;10;0;madrugada;Homicidio/Tentativa;;False;False;False;1;0;1;1;0;0;0;True
6043e9b2-e23c-4de3-be9b-5a2b082469b2;74163;Cohab;COHAB;UR-03 - Av. Doze de Junho - COHAB, Recife - PE, 51345-185, Brasil;-8.112526360067307;-34.95319726078713;2025-10-18 16:30:00+00:00;2025;10;16;tarde;Homicidio/Tentativa;;False;False;False;1;2;3;1;2;0;0;True
da49075c-e4b9-48b7-b19f-547d1d2649ef;74172;Linha do Tiro;LINHA DO TIRO;R. Ten. José Antônio da Silva - Linha do Tiro, Recife - PE, 52131-315, Brasil;-8.009772487428732;-34.90784448010015;2025-10-18 19:30:00+00:00;2025;10;19;noite;Homicidio/Tentativa;;False;False;False;1;0;1;1;0;0;0;True
9b9661ee-b887-465f-971f-4892f167ef01;74165;Estância;ESTANCIA;Av João Cabral de Melo Neto - Estância, Recife - PE, 50865-090, Brasil;-8.079390297700986;-34.93255053106444;2025-10-18 22:10:00+00:00;2025;10;22;noite;Homicidio/Tentativa;;False;False;False;1;0;1;1;0;0;0;True
eb5b27b1-f3ec-4fd0-bb16-c44101288cd9;74164;Ipsep;IPSEP;R. Aderbal de Melo - Ipsep, Recife - PE, 51350-460, Brasil;-8.10879615276829;-34.92463562089048;2025-10-18 22:30:00+00:00;2025;10;22;noite;Homicidio/Tentativa;;False;False;False;1;0;1;1;0;0;0;True
0420f792-0872-4c1d-9ffd-1a9d76aa70d3;74174;Totó;TOTO;Rua Utinga - Totó, Recife - PE, Brasil;-8.080939;-34.9707888;2025-10-19 00:00:00+00:00;2025;10;0;madrugada;Homicidio/Tentativa;Não identificado;False;False;False;1;0;1;1;0;0;0;True
1be12363-7877-4d10-9f09-33d993dd3836;74171;Dois Unidos;DOIS UNIDOS;Comunidade Vila Esperança - Dois Unidos, Recife - PE, 52160-830, Brasil;-7.994216225380393;-34.910082001499035;2025-10-19 00:00:00+00:00;2025;10;0;madrugada;Homicidio/Tentativa;;False;False;False;0;0;0;0;0;0;0;False
030bea9d-5862-4bdc-8c00-d0e6d3118042;74179;Alto José do Pinho;ALTO JOSE DO PINHO;Travessa da Macaíba - Alto José do Pinho, Recife - PE, Brasil;-8.0224406;-34.911279;2025-10-19 16:00:00+00:00;2025;10;16;tarde;Homicidio/Tentativa;;False;False;False;0;1;1;0;1;0;0;True
41007e67-3851-4276-8b1c-88729896951b;74178;Jiquiá;JIQUIA;Comunidade Zepelim - Avenida João Cabral de Melo Neto - Jiquiá, Recife - PE, Brasil;-8.0767519;-34.9309033;2025-10-19 18:30:00+00:00;2025;10;18;noite;Homicidio/Tentativa;Disputa;False;False;False;1;1;2;1;1;0;0;True
173df0d7-97ec-4440-88e3-7a5f3cb69030;74175;Morro da Conceição;MORRO DA CONCEICAO;Rua Ipanema - Morro da Conceição, Recife - PE, Brasil;-8.0189939;-34.9130345;2025-10-19 19:30:00+00:00;2025;10;19;noite;Homicidio/Tentativa;;False;False;False;1;0;1;1;0;0;0;True
87527c78-5d69-4c30-947a-7cd683bbaa9a;74170;Dois Unidos;DOIS UNIDOS;Alto do Rosário - R. Vertentes do Lério - Dois Unidos, Recife - PE, 52160-470, Brasil;-7.996846814196041;-34.919975914016725;2025-10-19 20:00:00+00:00;2025;10;20;noite;Homicidio/Tentativa;;False;False;False;2;0;2;2;0;0;0;True
baf26d35-7d91-430f-acd3-48990828b05c;74186;Nova Descoberta;NOVA DESCOBERTA;Córrego do Joaquim - R. Alto do Reservatório - Nova Descoberta, Recife - PE, 52091-610, Brasil;-7.997861162976687;-34.93456443290813;2025-10-20 00:00:00+00:00;2025;10;0;madrugada;Homicidio/Tentativa;;False;False;False;1;0;1;1;0;0;0;True
d298564d-9646-4c6c-b712-8a870e4950fe;74190;Nova Descoberta;NOVA DESCOBERTA;Córrego do Imbaúba - Rua Taquara - Nova Descoberta, Recife - PE, Brasil;-8.016054;-34.9245385;2025-10-21 00:00:00+00:00;2025;10;0;madrugada;Homicidio/Tentativa;;False;False;False;1;0;1;1;0;0;0;True
b64d97cf-a894-4250-9686-741c7a6354c6;74207;Cidade Universitária;CIDADE UNIVERSITARIA;Av Professor Luiz Freire - Cidade Universitária, Recife - PE, 50740-540, Brasil;-8.057860218301855;-34.95114286606923;2025-10-22 20:30:00+00:00;2025;10;20;noite;Ação policial;Tentativa/Roubo;True;True;False;1;2;3;1;2;0;0;True
cbaf5d55-0a19-4974-9b96-b5e8a4edb3b6;74281;Várzea;VARZEA;Comunidade Rosa Selvagem - Rua Cônego José Fernandes Machado, UR-7 - Várzea, Recife - PE, Brasil;-8.0336787;-34.9744238;2025-10-25 02:00:00+00:00;2025;10;2;madrugada;Homicidio/Tentativa;;False;False;False;1;3;4;1;3;0;0;True
ce39f556-2d02-4046-a911-b84505d389e5;74267;Alto José do Pinho;ALTO JOSE DO PINHO;Travessa Da Macaiba - Alto José do Pinho, Recife - PE, 52210-232, Brasil;-8.022386975367782;-34.91127091770238;2025-10-26 00:00:00+00:00;2025;10;0;madrugada;Homicidio/Tentativa;;False;False;False;1;0;1;1;0;0;0;True
0135ee2f-f57a-489c-9520-9029cd4fbc1e;74269;Tejipió;TEJIPIO;Av. Dr. José Rufino - Tejipió, Recife - PE, 50771-600, Brasil;-8.09020099180549;-34.9545304550992;2025-10-26 00:00:00+00:00;2025;10;0;madrugada;Homicidio/Tentativa;;False;False;False;1;0;1;1;0;0;0;True
1e895214-a0f1-4750-ac33-15d0e1dd02b7;74274;Mustardinha;MUSTARDINHA;R. Apucarana - Mustardinha, Recife - PE, 50760-495, Brasil;-8.0702321;-34.9148189;2025-10-26 00:00:00+00:00;2025;10;0;madrugada;Homicidio/Tentativa;;False;False;False;1;0;1;1;0;0;0;True
72f732f9-ac27-46be-b200-a18abf9a9ba8;74268;Casa Amarela;CASA AMARELA;Alto Santa Isabel - R. Humberto Carneiro - Casa Amarela, Recife - PE, 52070-260, Brasil;-8.027214951357312;-34.92367225828486;2025-10-26 00:00:00+00:00;2025;10;0;madrugada;Homicidio/Tentativa;;False;False;False;1;1;2;1;1;0;0;True
5222e527-847a-4d5b-8e9a-247f7f6bcfbf;74293;Boa Viagem;BOA VIAGEM;R. Agenor Lopes - Boa Viagem, Recife - PE, 51021-110, Brasil;-8.123487556004303;-34.905825325463965;2025-10-27 18:00:00+00:00;2025;10;18;noite;Homicidio/Tentativa;;False;False;False;0;1;1;0;1;0;0;True
72b7cf26-7485-425b-8a3d-09e1434e16fb;74335;Campo Grande;CAMPO GRANDE;R. Jerônimo Viléla - Campo Grande, Recife - PE, 52040-180, Brasil;-8.028107031346279;-34.882106347616315;2025-10-29 00:00:00+00:00;2025;10;0;madrugada;Tentativa/Roubo;;False;True;False;0;1;1;0;1;0;0;True
0bdae081-14d0-45fb-8aba-d2508b77155b;74337;Afogados;AFOGADOS;R. Nicolau Pereira - Afogados, Recife - PE, 50750-010, Brasil;-8.079454000821865;-34.904442338900395;2025-10-29 00:00:00+00:00;2025;10;0;madrugada;Tentativa/Roubo;;False;True;False;1;0;1;1;0;0;0;True
82437e4b-bc8a-4533-bc19-e0262cd40173;74334;Curado;CURADO;CEASA - Curado, Recife - PE, 50790, Brasil;-8.071389158201569;-34.94286673586936;2025-10-29 00:00:00+00:00;2025;10;0;madrugada;Homicidio/Tentativa;;False;False;False;0;1;1;0;1;0;0;True
61064758-10a1-4a2a-a05e-4555590b2782;74355;Brejo de Beberibe;BREJO DE BEBERIBE;Comunidade Bad Boy - Av. Ver. Otacílio Azevedo - Brejo de Beberibe, Recife - PE, 52081-550, Brasil;-7.994992851041504;-34.92657908240733;2025-10-30 00:00:00+00:00;2025;10;0;madrugada;Homicidio/Tentativa;;False;False;False;1;1;2;1;1;0;0;True
9a412e31-014d-408a-9ed9-ebdede3bba59;74399;Pina;PINA;Comunidade do Bode - Rua São Luís - Pina, Recife - PE, Brasil;-8.0897566;-34.8883527;2025-10-31 00:00:00+00:00;2025;10;0;madrugada;Homicidio/Tentativa;;False;False;False;0;1;1;0;1;0;0;True
93846006-f98e-4f1e-90fa-2e829b70e434;74369;Passarinho;PASSARINHO;Estrada do Passarinho - Passarinho, Recife - PE, 53170-110, Brasil;-7.975720498363744;-34.923459070114134;2025-10-31 00:00:00+00:00;2025;10;0;madrugada;Tentativa/Roubo;Homicidio/Tentativa;False;False;False;0;1;1;0;1;0;0;True
6a45708a-ddcd-4fea-b06c-c20404a7936c;74400;Pina;PINA;Comunidade do Bode - Rua São Luís - Pina, Recife - PE, Brasil;-8.0897566;-34.8883527;2025-10-31 00:00:00+00:00;2025;10;0;madrugada;Ação policial;;True;True;False;0;2;2;0;2;0;0;True
b4133607-871f-4e21-8482-4abfd5043ad0;74370;Água Fria;AGUA FRIA;Alto do Pascoal - Rua Ladeira de Pedra - Água Fria, Recife - PE, Brasil;-8.0163646;-34.9003968;2025-10-31 00:00:00+00:00;2025;10;0;madrugada;Homicidio/Tentativa;;False;False;False;0;1;1;0;1;0;0;True
b092e20f-4583-412b-bae7-4f76072a3f24;74392;Afogados;AFOGADOS;R. Luís Pereira de Farias, Afogados, Recife - PE, 50850-100, Brasil;-8.0825345;-34.918466;2025-10-31 22:00:00+00:00;2025;10;22;noite;Homicidio/Tentativa;Não identificado;False;False;False;1;0;1;1;0;0;0;True
977c4a9f-4789-4890-863e-5c40cc613cb5;74394;Guabiraba;GUABIRABA; Comunidade Bola na Rede, Tv. da Estrada Mumbeca, Guabiraba, Recife - PE, 52490-020, Brasil;-7.9638064;-34.9236162;2025-11-02 09:00:00+00:00;2025;11;9;manha;Homicidio/Tentativa;Não identificado;False;False;False;1;0;1;1;0;0;0;True
936b1045-ce01-417d-a6bc-50b2e02ac04e;74395;Mustardinha;MUSTARDINHA;R. Carlópolis, Mustardinha, Recife - PE, 50760-237, Brasil;-8.0727881;-34.9167976;2025-11-02 20:00:00+00:00;2025;11;20;noite;Homicidio/Tentativa;Não identificado;False;False;False;1;0;1;1;0;0;0;True
36ba149e-a5c2-48df-8851-5eb08c0fe847;74389;Boa Viagem;BOA VIAGEM;Av. Mal. Juarez Távora, Boa Viagem, Recife - PE, 51210, Brasil;-8.1396805;-34.9120437;2025-11-02 22:00:00+00:00;2025;11;22;noite;Homicidio/Tentativa;Não identificado;False;False;False;1;0;1;1;0;0;0;True
3506cb9a-780c-43bc-8d18-28a505177c8f;74408;Guabiraba;GUABIRABA; Guabiraba, Recife - PE, Brasil;-7.953234758972383;-34.951148582278435;2025-11-04 04:20:00+00:00;2025;11;4;madrugada;Tentativa/Roubo;Ação policial;True;True;False;1;0;1;1;0;0;0;True
ebff7689-a197-44f1-bea8-0765c331cb21;74431;Passarinho;PASSARINHO;R. Graúna, Passarinho, Recife - PE, 52170-220, Brasil;-7.9792795;-34.9149751;2025-11-04 20:00:00+00:00;2025;11;20;noite;Homicidio/Tentativa;Não identificado;False;False;False;1;0;1;1;0;0;0;True
a2808c5b-5663-4e63-a6b5-1d46f1cbee74;74444;Ilha Joana Bezerra;ILHA JOANA BEZERRA;lha Joana Bezerra, Recife - PE, 50030-230, Brasil;-8.068531806;-34.896200589;2025-11-05 00:00:00+00:00;2025;11;0;madrugada;Homicidio/Tentativa;Não identificado;False;False;False;0;1;1;0;1;0;0;True
2f08fd2d-e9ce-4980-b85b-6e19d693f2e5;74445;Mangueira;MANGUEIRA;Mangueira, Recife - PE, 50820-040, Brasil;-8.0766438;-34.9210276;2025-11-05 00:00:00+00:00;2025;11;0;madrugada;Homicidio/Tentativa;Não identificado;False;False;False;0;1;1;0;1;0;0;True
7be726dc-4135-4e17-936b-8c9c4f21457e;74443;Pina;PINA;Pina, Recife - PE, 51110-060, Brasil;-8.0878679;-34.8843384;2025-11-05 00:00:00+00:00;2025;11;0;madrugada;Homicidio/Tentativa;Não identificado;False;False;False;0;1;1;0;1;0;0;True
260c608f-dd7c-4c88-9a1c-1e741def304b;74452;Água Fria;AGUA FRIA;Alto do Deodato - Rua Córrego do Deodato - Água Fria, Recife - PE, Brasil;-8.0135882;-34.9005089;2025-11-05 20:20:00+00:00;2025;11;20;noite;Homicidio/Tentativa;;False;False;False;1;0;1;1;0;0;0;True
80f45fb2-e3e7-4011-8f6c-76f1ea8218a4;74460;São José;SAO JOSE;Favela do Papelão - São José, Recife - PE, 50080-020, Brasil;-8.07174276;-34.88916656;2025-11-06 00:00:00+00:00;2025;11;0;madrugada;Homicidio/Tentativa;Não identificado;False;False;False;1;1;2;1;1;0;0;True
6b459fcd-f27e-4370-8ac4-ae6afdfaeeb7;74458;São José;SAO JOSE;Favela do Papelão, Av. Rio Capibaribe, São José, Recife - PE, Brasil;-8.0721604;-34.8880962;2025-11-06 00:00:00+00:00;2025;11;0;madrugada;Homicidio/Tentativa;Não identificado;False;False;False;0;1;1;0;1;0;0;True
e52b60c2-c660-4c41-b4ee-518056c7f2dc;74479;São José;SAO JOSE;Cais Santa Rita, São José, Recife - PE, 50020-705, Brasil;-8.069351266109425;-34.87669802209015;2025-11-07 22:00:00+00:00;2025;11;22;noite;Homicidio/Tentativa;Não identificado;False;False;False;1;1;2;1;1;0;0;True
784f31a0-22cb-41c1-bd92-fa03630b051b;74477;Pina;PINA;Comunidade do Bode - R. Boaventura Rodrigues, Pina, Recife - PE, 51011-320, Brasil;-8.0941079;-34.8887858;2025-11-07 22:00:00+00:00;2025;11;22;noite;Ação policial;Não identificado;True;True;False;1;0;1;1;0;0;0;True
3e7d1952-35b7-4ba6-bbd8-fbadc1e200c1;74491;Cohab;COHAB;UR-03, COHAB, Recife - PE, 51345-185, Brasil;-8.112526360067307;-34.95319726078713;2025-11-08 03:00:00+00:00;2025;11;3;madrugada;Homicidio/Tentativa;Não identificado;False;False;False;1;0;1;1;0;0;0;True
e46466f0-116e-4a6f-b512-bfc6f99717a5;74516;Pina;PINA;Pina, Recife - PE, 51110-060, Brasil;-8.0878679;-34.8843384;2025-11-10 00:00:00+00:00;2025;11;0;madrugada;Homicidio/Tentativa;Não identificado;False;False;False;1;0;1;1;0;0;0;True
9c26dbfd-c870-4dbf-839c-5915df9c39f8;74515;Macaxeira;MACAXEIRA;R. Sônia Maria Lopes Morães, Macaxeira, Recife - PE, 52090-790, Brasil;-8.0095727;-34.9304974;2025-11-10 22:00:00+00:00;2025;11;22;noite;Homicidio/Tentativa;;False;False;False;2;0;2;2;0;0;0;True
1fb85735-616a-4474-b62f-fbbba6f76843;74520;Arruda;ARRUDA;Av. Prof. José dos Anjos - Arruda, Recife - PE, 52041-740, Brasil;-8.027948674727375;-34.8929755651123;2025-11-11 00:00:00+00:00;2025;11;0;madrugada;Ação policial;;True;True;False;0;1;1;0;0;0;1;True
558a7ede-1841-463b-8762-7268690a0c23;74531;Afogados;AFOGADOS;Feira Nova de Afogados - Rua General Cristóvão Colombo de Souza - Afogados, Recife - PE, Brasil;-8.0791889;-34.9056671;2025-11-11 15:30:00+00:00;2025;11;15;tarde;Homicidio/Tentativa;Não identificado;False;False;False;1;0;1;1;0;0;0;True
6bc4634a-3c2b-40f1-a164-cdc192bc9934;74528;Brasília Teimosa;BRASILIA TEIMOSA;Praça Cristina Valença - Rua Artur Bernardes - Brasília Teimosa, Recife - PE, Brasil;-8.0856084;-34.8784677;2025-11-11 22:00:00+00:00;2025;11;22;noite;Homicidio/Tentativa;Não identificado;False;False;False;1;0;1;1;0;0;0;True
34085b13-16f3-4916-a667-1a025544ea08;74555;Iputinga;IPUTINGA;Iputinga, Recife - PE, 50680-000, Brasil;-8.0366081;-34.9355521;2025-11-12 00:00:00+00:00;2025;11;0;madrugada;Homicidio/Tentativa;Não identificado;False;False;False;0;1;1;0;1;0;0;True
5e2496a6-f970-4512-950b-61b0fa0fabae;74556;Nova Descoberta;NOVA DESCOBERTA;Comunidade Josélia - Av. Josélia - Nova Descoberta, Recife - PE, 52190-190, Brasil;-8.004042811438607;-34.9274295951065;2025-11-12 00:00:00+00:00;2025;11;0;madrugada;Homicidio/Tentativa;Não identificado;False;False;False;1;0;1;1;0;0;0;True
7fa5fbe5-5a7e-4d1e-bad0-62db41587cef;74586;Torrões;TORROES;Comunidade Roda de Fogo - Torrões, Recife - PE, 50660-390, Brasil;-8.05839686;-34.93785631;2025-11-14 00:00:00+00:00;2025;11;0;madrugada;Homicidio/Tentativa;;False;False;False;1;0;1;1;0;0;0;True
9e80b56a-efdb-41b0-80f0-04ab8cb0e10d;74614;Boa Viagem;BOA VIAGEM;Comunidade Ilha do Destino - R. Dona Benvinda de Farias, 695 - Boa Viagem, Recife - PE, 51020-140, Brasil;-8.108717996638712;-34.895087434206694;2025-11-15 14:35:00+00:00;2025;11;14;tarde;Homicidio/Tentativa;Disputa;False;False;False;1;1;2;1;1;0;0;True
67cfa856-0ac7-44e1-9932-c09e55d4e8a8;74613;Boa Viagem;BOA VIAGEM;Praia de Boa Viagem - Boa Viagem, Recife - PE, 51020-000, Brasil;-8.115294485202403;-34.89191849259034;2025-11-15 15:00:00+00:00;2025;11;15;tarde;Homicidio/Tentativa;Não identificado;False;False;False;1;0;1;1;0;0;0;True
64e4952c-d656-4e91-a365-75b335cff28a;74616;Várzea;VARZEA;Rua João Sales de Menezes, Várzea, Recife - PE, 50740-120, Brasil;-8.03726131856804;-34.94944403386842;2025-11-16 22:00:00+00:00;2025;11;22;noite;Homicidio/Tentativa;Não identificado;False;False;False;1;0;1;1;0;0;0;True
ad645dee-4dc9-46b7-9a50-99aa421709c5;74650;Santo Antônio;SANTO ANTONIO;Santo Antônio, Recife - PE, 51170-650, Brasil;-8.06586952453879;-34.87948598278275;2025-11-17 00:00:00+00:00;2025;11;0;madrugada;Ação policial;;True;True;False;0;1;1;0;1;0;0;True
6d056110-ae8e-4065-9d09-c2ed33eea990;74661;Jardim São Paulo;JARDIM SAO PAULO;Av. Piracicaba - Jardim São Paulo, Recife - PE, 50790-205, Brasil;-8.077648786098395;-34.94682085577691;2025-11-17 00:00:00+00:00;2025;11;0;madrugada;Homicidio/Tentativa;;False;False;False;1;0;1;1;0;0;0;True
679a5bb7-3ae0-4695-8e42-e23b1d2294ad;74676;Vasco da Gama;VASCO DA GAMA;R. Lagoa da Canoa - Vasco da Gama, Recife - PE, 52081-700, Brasil;-8.009544942641565;-34.92220933492683;2025-11-18 00:00:00+00:00;2025;11;0;madrugada;Tentativa/Roubo;;False;False;False;0;1;1;0;1;0;0;True
7ef30776-9d57-46c6-a351-9daa62967f11;74677;Ipsep;IPSEP;Ipsep, Recife - PE, Brasil;-8.1073819;-34.9232073;2025-11-18 00:00:00+00:00;2025;11;0;madrugada;Homicidio/Tentativa;;False;False;False;0;1;1;0;1;0;0;True
07c25f2f-17cc-40f5-a680-15bd1d3af0a4;74664;Água Fria;AGUA FRIA;Avenida Aníbal Benévolo - Água Fria, Recife - PE, Brasil;-8.0099326;-34.898254;2025-11-18 00:00:00+00:00;2025;11;0;madrugada;Homicidio/Tentativa;;False;False;False;1;0;1;1;0;0;0;True
23422248-a46d-4429-a4c1-1cb748f37c33;74687;Torrões;TORROES;Roda de Fogo - R. Pás Dourada - Torrões, Recife - PE, 50650-350, Brasil;-8.057180195716732;-34.93726842042591;2025-11-19 00:00:00+00:00;2025;11;0;madrugada;Disputa;;False;False;False;0;1;1;0;1;0;0;True
d2e02618-af6c-4e7c-bccd-42d4d6a46baf;74689;Água Fria;AGUA FRIA;Av. Aníbal Benévolo - Água Fria, Recife - PE, 52131-085, Brasil;-8.009999134480449;-34.89840665271495;2025-11-19 00:00:00+00:00;2025;11;0;madrugada;Homicidio/Tentativa;;False;False;False;1;0;1;1;0;0;0;True
823a461e-cb1b-4dd6-8e81-7a0e3100d5c1;74688;Cajueiro;CAJUEIRO;Av. Sebastião Salazar - Cajueiro, Recife - PE, 52221-175, Brasil;-8.010481685879572;-34.88472834147967;2025-11-19 00:00:00+00:00;2025;11;0;madrugada;Briga;;False;False;False;0;1;1;0;1;0;0;True
39990da4-f298-4249-97e3-7b72733e1676;74686;Boa Vista;BOA VISTA;R. José de Alencar - Boa Vista, Recife - PE, 50070-030, Brasil;-8.061353029377079;-34.88886792887571;2025-11-19 00:00:00+00:00;2025;11;0;madrugada;Homicidio/Tentativa;;False;False;False;1;0;1;1;0;0;0;True
5b5c27af-3422-4af7-9725-057281941072;74728;Várzea;VARZEA;Vila da Várzea - R. Sagrado Coração de Jesus - Várzea, Recife - PE, Brasil;-8.0349922;-34.9572481;2025-11-23 00:00:00+00:00;2025;11;0;madrugada;Homicidio/Tentativa;;False;False;False;1;0;1;1;0;0;0;True
5a8bdc05-7c63-4a10-89d6-497f219ceb3d;74731;Jardim São Paulo;JARDIM SAO PAULO;R. Dr. Devaldo Borges - Jardim São Paulo, Recife - PE, 50910-390, Brasil;-8.079120234348892;-34.94000977670926;2025-11-23 00:00:00+00:00;2025;11;0;madrugada;Briga;Homicidio/Tentativa;False;False;False;1;0;1;1;0;0;0;True
41a67a42-4770-4c57-b39f-45f20b80480d;74730;Mangabeira;MANGABEIRA;R. Aracatiara - Mangabeira, Recife - PE, 52110-440, Brasil;-8.023456971778826;-34.90446135929053;2025-11-23 00:00:00+00:00;2025;11;0;madrugada;Homicidio/Tentativa;;False;False;False;1;0;1;1;0;0;0;True
37753fbd-e2c1-4aad-88a8-e69260c78e90;74747;Várzea;VARZEA;UR-07 - Várzea, Recife - PE, 50960-120, Brasil;-8.03663845;-34.98013475;2025-11-24 00:00:00+00:00;2025;11;0;madrugada;Tentativa/Roubo;;False;True;False;0;1;1;0;1;0;0;True
c03bd491-5ef9-4c36-ae45-6f45eb18e040;74763;Dois Unidos;DOIS UNIDOS;R. Dr. José Azevedo de Menezes - Dois Unidos, Recife - PE, 52160-825, Brasil;-7.994416293719828;-34.909918909427546;2025-11-25 00:00:00+00:00;2025;11;0;madrugada;Homicidio/Tentativa;;False;False;False;1;0;1;1;0;0;0;True
09fa746f-e3b7-420a-b880-0c92bb0e45d2;74781;Córrego do Jenipapo;CORREGO DO JENIPAPO;R. Erundina N. de Araújo - Córrego do Jenipapo, Recife - PE, 52091-078, Brasil;-8.00664088583348;-34.93630257671055;2025-11-26 00:00:00+00:00;2025;11;0;madrugada;Homicidio/Tentativa;;False;False;False;1;0;1;1;0;0;0;True
107e95a6-2938-444f-a289-3dfd1a8310a5;74786;Barro;BARRO;Av. Pres. Médici - Barro, Recife - PE, 51345-715, Brasil;-8.10891508359237;-34.95490717186947;2025-11-26 00:00:00+00:00;2025;11;0;madrugada;Ação policial;;True;True;False;1;0;1;1;0;0;0;True
489ebfa6-efbe-4133-8b21-60152a61f016;74780;Bomba do Hemetério;BOMBA DO HEMETERIO;R. São Rafael - Bomba do Hemetério, Recife - PE, 52111-360, Brasil;-8.020862305247052;-34.89761888046244;2025-11-26 00:00:00+00:00;2025;11;0;madrugada;Homicidio/Tentativa;;False;False;False;0;1;1;0;1;0;0;True
ade249cf-8310-4152-b71a-5dee5f50f77b;74804;Alto José do Pinho;ALTO JOSE DO PINHO;Rua Estreliana - Alto José do Pinho, Recife - PE, Brasil;-8.0203578;-34.9087871;2025-11-27 00:00:00+00:00;2025;11;0;madrugada;Ação policial;;True;True;False;1;0;1;1;0;0;0;True
df069098-54a1-4aad-bd07-647c94665884;74803;Curado;CURADO;Comunidade Inferninho - Curado, Recife - PE, 50910-345, Brasil;-8.07343093;-34.93904383;2025-11-27 00:00:00+00:00;2025;11;0;madrugada;Briga;;False;True;False;0;1;1;0;0;0;1;True
2d0307fc-98ff-49c2-9466-263579b21c2d;74802;Santo Amaro;SANTO AMARO;Av. Mário Melo - Santo Amaro, Recife - PE, 50040-010, Brasil;-8.053996372088113;-34.881415096117294;2025-11-27 00:00:00+00:00;2025;11;0;madrugada;Homicidio/Tentativa;;False;False;False;0;0;0;0;0;0;0;False
2d597fb5-efdc-43d8-a79e-e34666ec0672;74813;Várzea;VARZEA;Comunidade Rosa Selvagem - Várzea, Recife - PE, 50970-150, Brasil;-8.0325706;-34.9768428;2025-11-28 00:00:00+00:00;2025;11;0;madrugada;Homicidio/Tentativa;;False;False;False;1;0;1;1;0;0;0;True
ac8c204e-5aa2-42d2-8b0d-33738df5864f;74806;Ilha do Retiro;ILHA DO RETIRO;Rua Sport Club do Recife - Ilha do Retiro, Recife - PE, 50750-560, Brasil;-8.063040865270276;-34.90200575447369;2025-11-28 00:00:00+00:00;2025;11;0;madrugada;Ação policial;Tentativa/Roubo;True;True;False;0;1;1;0;1;0;0;True
e410af98-9e07-428e-83c8-3dd421a6484a;74831;São José;SAO JOSE;Avenida Sul - São José, Recife - PE, 50770-011, Brasil;-8.07315263497688;-34.88337330115245;2025-11-30 00:00:00+00:00;2025;11;0;madrugada;Homicidio/Tentativa;;False;False;False;1;2;3;1;2;0;0;True
544bd73b-06d7-4b51-a685-4f502cb3cab0;74830;Alto Santa Terezinha;ALTO SANTA TERESINHA;R. Bom Sossego - Alto Santa Teresinha, Recife - PE, 52080-063, Brasil;-8.015894779339096;-34.909907293639584;2025-11-30 00:00:00+00:00;2025;11;0;madrugada;Homicidio/Tentativa;;False;False;False;1;0;1;1;0;0;0;True
3b426328-4975-4dd1-9753-8e39b9c3deb6;74834;Alto José do Pinho;ALTO JOSE DO PINHO;Rua Córrego do Genipapo - Alto José do Pinho, Recife - PE, Brasil;-8.0235295;-34.9063387;2025-11-30 19:30:00+00:00;2025;11;19;noite;Homicidio/Tentativa;;False;False;False;1;0;1;1;0;0;0;True
a4ed380b-a2c7-442f-b614-e74b6107504c;74835;Tejipió;TEJIPIO;Rua Arês - Tejipio, Recife - PE, 50920-610, Brasil;-8.088846301569735;-34.96437222714086;2025-11-30 21:30:00+00:00;2025;11;21;noite;Homicidio/Tentativa;;False;False;False;1;0;1;1;0;0;0;True
aa02a795-971e-4f0a-b752-68661520eb35;74852;Barro;BARRO;Travessa Manuel Salvador - Barro, Recife - PE, Brasil;-8.0879351;-34.940447;2025-12-01 00:00:00+00:00;2025;12;0;madrugada;Homicidio/Tentativa;;False;False;False;1;1;2;1;1;0;0;True
8ead6c06-299a-4517-a883-cd4103a490a9;74850;Nova Descoberta;NOVA DESCOBERTA;Córrego do Joaquim - Rua Alto do Reservatório - Nova Descoberta, Recife - PE, Brasil;-7.997706000000001;-34.9336468;2025-12-01 00:00:00+00:00;2025;12;0;madrugada;Homicidio/Tentativa;Não identificado;False;False;False;0;1;1;0;1;0;0;True
d968ad93-d3f7-4a4d-92b0-e10895ac7b79;74851;Brejo de Beberibe;BREJO DE BEBERIBE;Comunidade Bad Boy - Rua Sitio Dos Nobres - Brejo de Beberibe, Recife - PE, Brasil;-7.997447;-34.9243806;2025-12-01 00:00:00+00:00;2025;12;0;madrugada;Homicidio/Tentativa;;False;False;False;0;1;1;0;1;0;0;True
c7eacaf2-16c5-49e5-9ba0-eb2cd95a6b2c;74863;Pina;PINA;Av. Eng. Domingos Ferreira - Pina, Recife - PE, 51011-050, Brasil;-8.095402891900944;-34.88580718116958;2025-12-02 00:00:00+00:00;2025;12;0;madrugada;Homicidio/Tentativa;;False;False;False;0;1;1;0;1;0;0;True
0c1a874b-20c4-4e86-87d7-0e37a273a69d;74849;São José;SAO JOSE;Favela do Papelão - Av. Rio Capibaribe - São José, Recife - PE, 50020-080, Brasil;-8.07263630080686;-34.89016137727661;2025-12-02 00:00:00+00:00;2025;12;0;madrugada;Homicidio/Tentativa;;False;False;False;0;1;1;0;1;0;0;True
5b12e1b0-3f2a-443d-adcd-9ba45c9819b7;74861;Santo Amaro;SANTO AMARO;Santo Amaro, Recife - PE, 50050-080, Brasil;-8.045926292114947;-34.878228894056704;2025-12-02 00:00:00+00:00;2025;12;0;madrugada;Homicidio/Tentativa;;False;False;False;1;0;1;1;0;0;0;True
0f5a920c-b436-4839-94e2-113a15c15484;74885;Ilha Joana Bezerra;ILHA JOANA BEZERRA;Comunidade do Coque - Ilha Joana Bezerra, Recife - PE, 50080-600, Brasil;-8.072486;-34.901464;2025-12-03 20:30:00+00:00;2025;12;20;noite;Disputa;Tiros a esmo;False;False;False;0;0;0;0;0;0;0;False
fc1a397e-6ca8-41a5-8f90-d6edcfda6d0f;74884;Nova Descoberta;NOVA DESCOBERTA;Córrego do Imbauba - R. Nova Descoberta, - Nova Descoberta, Recife - PE, 52090-003, Brasil;-8.01591384405678;-34.926042368786625;2025-12-04 00:00:00+00:00;2025;12;0;madrugada;Homicidio/Tentativa;;False;False;False;1;0;1;1;0;0;0;True
47cc4196-3e86-41a8-a90b-57898878fc5d;74946;Vasco da Gama;VASCO DA GAMA;Mercado Público de Nova Descoberta - Av. Ver. Otacílio Azevedo - Vasco da Gama, Recife - PE, 52081-550, Brasil;-8.00034778297204;-34.9227050011956;2025-12-07 00:00:00+00:00;2025;12;0;madrugada;Homicidio/Tentativa;;False;False;False;0;1;1;0;1;0;0;True
e317e2d4-e9f6-4125-adf4-5f0ef2afea44;74948;Curado;CURADO;Comunidade Brasília - R. Industrial Antônio Carlos Menezes - Curado, Recife - PE, 50940-550, Brasil;-8.080774635621959;-34.96737165963599;2025-12-07 00:00:00+00:00;2025;12;0;madrugada;Homicidio/Tentativa;;False;False;False;1;0;1;1;0;0;0;True
bc25bdbd-18f5-4096-b700-15fe07e73989;74947;Guabiraba;GUABIRABA;Estrada da Mumbeca - Guabiraba, Recife - PE, Brasil;-7.9513781;-34.9613119;2025-12-07 00:00:00+00:00;2025;12;0;madrugada;Homicidio/Tentativa;Briga;False;False;False;1;0;1;1;0;0;0;True
499c385a-72dd-4e33-afbe-af70a2b7be70;74944;Jardim São Paulo;JARDIM SAO PAULO;R. Jundiaí - Jardim São Paulo, Recife - PE, 50790-010, Brasil;-8.078845234628698;-34.94604303680869;2025-12-07 00:00:00+00:00;2025;12;0;madrugada;Homicidio/Tentativa;;False;False;False;1;2;3;1;2;0;0;True
e3fd3b89-f6d9-47c4-ab76-4e0374f196f1;74941;Várzea;VARZEA;R. Mário Campelo - Várzea, Recife - PE, 50741-430, Brasil;-8.0501399915511;-34.959568590232834;2025-12-07 00:00:00+00:00;2025;12;0;madrugada;Homicidio/Tentativa;;False;False;False;1;0;1;1;0;0;0;True
556846ac-b54f-47d8-8eb1-e78a99967612;74945;Torre;TORRE;Vila Santa Luzia - R. Cantora Clara Nunes - Torre, Recife - PE, 50711-550, Brasil;-8.044905592733222;-34.917037279392936;2025-12-07 15:00:00+00:00;2025;12;15;tarde;Homicidio/Tentativa;;False;False;False;2;0;2;2;0;0;0;True
0ac58d83-7faa-407c-9f28-471c53e67271;74955;Prado;PRADO;R. Antônio de Sá - Prado, Recife - PE, 50720-385, Brasil;-8.056572116730926;-34.91340889936555;2025-12-08 00:00:00+00:00;2025;12;0;madrugada;Homicidio/Tentativa;;False;False;False;1;0;1;1;0;0;0;True
fa447731-c200-4949-aaee-89966f7725d3;74956;Iputinga;IPUTINGA;Comunidade Caiara - R. Barreirinha - Iputinga, Recife - PE, 50680-720, Brasil;-8.03595312364573;-34.92773629204255;2025-12-08 20:00:00+00:00;2025;12;20;noite;Homicidio/Tentativa;;False;False;False;0;2;2;0;2;0;0;True
95ca0bc7-c6a4-459e-bde4-20faac5ce8d6;74958;Afogados;AFOGADOS;Comunidade Caranguejo Tabaiares - Estr. dos Remédios - Afogados, Recife - PE, 50770-120, Brasil;-8.065183230024106;-34.90803105369151;2025-12-08 20:30:00+00:00;2025;12;20;noite;Homicidio/Tentativa;;False;False;False;1;0;1;1;0;0;0;True
0294415b-79b1-4f3a-af43-342d6d4bf4e5;74963;Coqueiral;COQUEIRAL;Coqueiral, Recife - PE, Brasil;-8.0864522;-34.9685762;2025-12-09 00:00:00+00:00;2025;12;0;madrugada;Homicidio/Tentativa;;False;False;False;0;1;1;0;1;0;0;True
d2f5bc7b-dd62-4798-97e1-89228b8cdfcd;74983;Macaxeira;MACAXEIRA;Rua Tereza Carneiro - Alto Jardim Progresso, Macaxeira, Recife - PE, Brasil;-8.0069105;-34.9286565;2025-12-10 00:00:00+00:00;2025;12;0;madrugada;Homicidio/Tentativa;;False;False;False;0;1;1;0;1;0;0;True
9938133b-5b0e-49fc-b837-b76940c170f6;74988;Torrões;TORROES;Kopeças , Av. Eng. Abdias de Carvalho - Torrões, Recife - PE, 50640-470, Brasil;-8.0636802;-34.9352338;2025-12-11 00:00:00+00:00;2025;12;0;madrugada;Homicidio/Tentativa;;False;False;False;1;0;1;1;0;0;0;True
5eb4c94d-a5fe-4beb-b5a0-0fb8c9361741;75001;Cordeiro;CORDEIRO;Av. Gen San Martin - Cordeiro, Recife - PE, 50630, Brasil;-8.059909130143797;-34.9255445989502;2025-12-12 00:00:00+00:00;2025;12;0;madrugada;Ação policial;Tentativa/Roubo;True;True;False;1;0;1;1;0;0;0;True
16ed515d-3376-406f-8ac6-69f08dbf4a41;75000;Passarinho;PASSARINHO;Comunidade Canaã - Passarinho, Recife - PE, 52390-310, Brasil;-7.988528670191667;-34.92932378646984;2025-12-12 00:00:00+00:00;2025;12;0;madrugada;Ação policial;;True;True;False;0;1;1;0;1;0;0;True
eb2b8c4e-27aa-40e8-b357-35225504262e;75037;Morro da Conceição;MORRO DA CONCEICAO; Morro da Conceição, Recife - PE, 52280-032, Brasil;-8.02204582192976;-34.91305645236083;2025-12-14 00:00:00+00:00;2025;12;0;madrugada;Homicidio/Tentativa;;False;False;False;1;1;2;1;1;0;0;True
451f1b57-be71-4f57-9666-d2a941f88f30;75036;Casa Forte;CASA FORTE;Av. Dezessete de Agosto - Casa Forte, Recife - PE, Brasil;-8.0371464;-34.9194824;2025-12-14 00:00:00+00:00;2025;12;0;madrugada;Tentativa/Roubo;Homicidio/Tentativa;False;False;False;0;1;1;0;1;0;0;True
bed94348-9db4-482a-96e5-2a121f987a84;75027;Nova Descoberta;NOVA DESCOBERTA;Alto do Refúgio, Nova Descoberta - Recife - PE, 52191-090, Brasil;-7.998118782635884;-34.926756298302;2025-12-14 00:00:00+00:00;2025;12;0;madrugada;Homicidio/Tentativa;;False;False;False;1;0;1;1;0;0;0;True
53ba063d-4a5e-4460-a03c-2aedb8b2b8c4;75039;Cohab;COHAB;UR 03 - Avenida Engenho Muribeca - COHAB, Recife - PE, Brasil;-8.1102335;-34.9495514;2025-12-14 00:00:00+00:00;2025;12;0;madrugada;Homicidio/Tentativa;;False;False;False;1;0;1;1;0;0;0;True
ceb21607-c35c-4127-8fd7-d638728495e9;75024;Curado;CURADO;Rod. Luiz Gonzaga - Curado, Recife - PE, 50950-000, Brasil;-8.06931698661567;-34.94843372435964;2025-12-14 14:30:00+00:00;2025;12;14;tarde;Homicidio/Tentativa;;False;False;False;1;0;1;1;0;0;0;True
31681bbf-4e32-473b-bbe1-1a211994ce43;75053;Cordeiro;CORDEIRO;Cordeiro, Recife - PE, Brasil;-8.0479358;-34.9258207;2025-12-15 00:00:00+00:00;2025;12;0;madrugada;Tentativa/Roubo;Homicidio/Tentativa;False;True;False;0;1;1;0;1;0;0;True
d09b6754-4156-4049-8a3c-df70faad551b;75061;Afogados;AFOGADOS;Rua Ernesto Cavalcanti - Afogados, Recife - PE, 50760-418, Brasil;-8.074284845668194;-34.9146133546136;2025-12-16 00:00:00+00:00;2025;12;0;madrugada;Homicidio/Tentativa;;False;False;False;1;0;1;1;0;0;0;True
9169fcc0-70b9-4ce6-a68d-827256ba4273;75063;San Martin;SAN MARTIN;R. Ourém - San Martin, Recife - PE, 50761-340, Brasil;-8.068792761033698;-34.926371579186586;2025-12-16 00:00:00+00:00;2025;12;0;madrugada;Homicidio/Tentativa;Disputa;False;False;False;1;1;2;1;1;0;0;True
6d3ac3de-4f9d-421b-bd76-808670d7e598;75062;Campo Grande;CAMPO GRANDE;Vila Saramandaia - R. Arlindo Ramos Pereira - Campo Grande, Recife - PE, 52040-420, Brasil;-8.02299359657743;-34.87703567618348;2025-12-16 00:00:00+00:00;2025;12;0;madrugada;Homicidio/Tentativa;Não identificado;False;False;False;1;0;1;1;0;0;0;True
91d64605-9467-4c09-afda-0f38fdbf1d55;75054;Santo Amaro;SANTO AMARO;R. Tamôios, 24 - Santo Amaro, Recife - PE, 50100-420, Brasil;-8.045297999999999;-34.8851597;2025-12-16 14:30:00+00:00;2025;12;14;tarde;Operação policial;;True;True;False;1;0;1;1;0;0;0;True
beb3d3ec-3b3f-478a-a250-451912226e72;75072;Imbiribeira;IMBIRIBEIRA;Imbiribeira, Recife - PE, Brasil;-8.1088584;-34.91189;2025-12-17 00:00:00+00:00;2025;12;0;madrugada;Homicidio/Tentativa;Ação policial;True;True;False;0;1;1;0;1;0;0;True
226ca2f6-6ea6-4a7e-a6fd-c0093bc4e165;75094;Vasco da Gama;VASCO DA GAMA;Alto do Eucalípto - Vasco da Gama, Recife - PE, 52081-070, Brasil;-8.007300810489562;-34.919965747874166;2025-12-18 00:00:00+00:00;2025;12;0;madrugada;Homicidio/Tentativa;;False;False;False;1;0;1;1;0;0;0;True
c530f133-f797-47bc-b9c5-965ee5791bae;75093;Ibura;IBURA;R. Rio Moxotó, - Ibura, Recife - PE, 51220-020, Brasil;-8.114442584579894;-34.93301436281867;2025-12-18 00:00:00+00:00;2025;12;0;madrugada;Homicidio/Tentativa;;False;False;False;1;0;1;1;0;0;0;True
d94dd105-e1c3-4246-955b-d77d4f97daa2;75078;Totó;TOTO;Av. Liberdade - Totó, Recife - PE, Brasil;-8.0813565;-34.966791;2025-12-18 06:30:00+00:00;2025;12;6;manha;Homicidio/Tentativa;;False;False;False;1;0;1;1;0;0;0;True
51640537-da1d-4ece-b3e1-b4907d2b0348;75132;Água Fria;AGUA FRIA;R. Alto do Guilhermino - Água Fria, Recife - PE, 52211-540, Brasil;-8.011430425176592;-34.89712375735482;2025-12-21 00:00:00+00:00;2025;12;0;madrugada;Homicidio/Tentativa;;False;False;False;1;1;2;1;1;0;0;True
1faf3ac6-0da5-4f25-89f4-27bbb9c7ec0c;75131;Dois Unidos;DOIS UNIDOS;Av. Hildebrando de Vasconcelos - Dois Unidos, Recife - PE, 52140-005, Brasil;-7.995736107050813;-34.90925913438335;2025-12-21 00:00:00+00:00;2025;12;0;madrugada;Homicidio/Tentativa;;False;False;False;1;0;1;1;0;0;0;True
c0765da4-2cec-4b44-aa39-82fe6d0a145e;75144;Vasco da Gama;VASCO DA GAMA;Rua Marialva - Vasco da Gama, Recife - PE, Brasil;-8.0198223;-34.9210512;2025-12-21 00:00:00+00:00;2025;12;0;madrugada;Homicidio/Tentativa;;False;False;False;0;1;1;0;1;0;0;True
81583df8-2154-4da0-91f0-dc3c4b1b6713;75136;Torrões;TORROES;Roda de Fogo - R. Revolução Praieira - Torrões, Recife - PE, 50650-250, Brasil;-8.055540559903173;-34.93808654546359;2025-12-21 09:40:00+00:00;2025;12;9;manha;Homicidio/Tentativa;;False;False;False;1;0;1;1;0;0;0;True
876a51c6-5c88-468c-a23b-f73ed197c441;75130;Torrões;TORROES;R. Epaminondas Cristóvão de Oliveira - Torrões, Recife - PE, 50640-520, Brasil;-8.061645115955795;-34.934292903399715;2025-12-21 18:30:00+00:00;2025;12;18;noite;Homicidio/Tentativa;;False;False;False;1;0;1;1;0;0;0;True
09b23b50-0c1f-4e77-81ca-ff023b96b8e6;75147;Linha do Tiro;LINHA DO TIRO;R. Sodrelândia - Linha do Tiro, Recife - PE, 52131-295, Brasil;-8.010587724624937;-34.906231561076964;2025-12-22 00:00:00+00:00;2025;12;0;madrugada;Homicidio/Tentativa;;False;False;False;1;0;1;1;0;0;0;True
07f69844-26d9-45ae-b18d-9c20f90e485b;75161;Campo Grande;CAMPO GRANDE;Campo Grande, Recife - PE, Brasil;-8.032163500000001;-34.881336;2025-12-23 00:00:00+00:00;2025;12;0;madrugada;Briga;;False;False;False;0;1;1;0;1;0;0;True
fcfa0d47-fc25-436e-93be-3be3a034b8c7;75155;Alto do Mandu;ALTO DO MANDU;R. Murici - Alto do Mandu, Recife - PE, 52071-000, Brasil;-8.021124334256402;-34.928121648802254;2025-12-23 15:00:00+00:00;2025;12;15;tarde;Homicidio/Tentativa;;False;False;False;1;0;1;1;0;0;0;True
9e94c83b-d101-448e-a54f-a8467595912f;75195;Jordão;JORDAO;R. Flôres do Oriente - Jordão, Recife - PE, 51250-545, Brasil;-8.132361995233703;-34.934000134883185;2025-12-25 00:00:00+00:00;2025;12;0;madrugada;Homicidio/Tentativa;;False;False;False;1;0;1;1;0;0;0;True
caa40a71-3893-4804-bd7a-946d43f12385;75182;Dois Unidos;DOIS UNIDOS;R. das Flores - Dois Unidos, Recife - PE, Brasil;-7.9997427;-34.9038403;2025-12-25 00:35:00+00:00;2025;12;0;madrugada;Homicidio/Tentativa;;False;False;False;1;3;4;1;3;0;0;True
e3f8b32b-6e3a-410a-bb82-03beb24a6337;75205;Cabanga;CABANGA;Nova Cabanga - Campo do Cabanga, R. Camutanga - Cabanga, Recife - PE, 50090-380, Brasil;-8.079257879372921;-34.89601250384369;2025-12-26 00:00:00+00:00;2025;12;0;madrugada;Homicidio/Tentativa;;False;False;False;1;0;1;1;0;0;0;True
99c125c7-3d9d-4e7d-a50e-a5aae4a3b340;75208;Curado;CURADO;R. Dr. Flávio Ferreira da Silva Marojo - Curado, Recife - PE, Brasil;-8.0691267;-34.9385452;2025-12-26 00:00:00+00:00;2025;12;0;madrugada;Homicidio/Tentativa;;False;False;False;1;0;1;1;0;0;0;True
478a681e-3736-42f7-b7d7-1616b5441ba5;75232;Boa Viagem;BOA VIAGEM;Rua Dom José Lopes - Boa Viagem, Recife - PE, Brasil;-8.1266376;-34.9046564;2025-12-28 00:00:00+00:00;2025;12;0;madrugada;Homicidio/Tentativa;;False;False;False;1;0;1;1;0;0;0;True
f0a6a3b1-f3ea-449f-b1f7-77b00b16158c;75220;Nova Descoberta;NOVA DESCOBERTA;R. Nazareno - Nova Descoberta, Recife - PE, 52091-232, Brasil;-8.00295792357388;-34.932524688265445;2025-12-28 00:00:00+00:00;2025;12;0;madrugada;Homicidio/Tentativa;;False;False;False;1;0;1;1;0;0;0;True
15c4e284-33a0-43f1-bb27-7ea3fc6a6c38;75222;Afogados;AFOGADOS;Afogados, Recife - PE, Brasil;-8.077032599999999;-34.9091753;2025-12-28 00:00:00+00:00;2025;12;0;madrugada;Tentativa/Roubo;Ação policial;True;True;False;0;1;1;0;1;0;0;True
a01ba231-d514-4e40-95a4-953f903b0bfe;75227;Brejo de Beberibe;BREJO DE BEBERIBE;Rua Sitio Dos Nobres - Brejo de Beberibe, Recife - PE, Brasil;-7.997447;-34.9243806;2025-12-28 15:30:00+00:00;2025;12;15;tarde;Homicidio/Tentativa;;False;False;False;1;0;1;1;0;0;0;True
b28c48b0-2524-4630-96ae-f65f7765e257;75225;Ipsep;IPSEP;Rua Professor José Vicente - Ipsep, Recife - PE, Brasil;-8.1075798;-34.9245186;2025-12-28 16:30:00+00:00;2025;12;16;tarde;Homicidio/Tentativa;;False;False;False;1;0;1;1;0;0;0;True
d92de8ee-ba25-4faf-ad8f-e8f1c9460e5d;75218;Água Fria;AGUA FRIA;Chã de Alegria - R. Mercúrio - Água Fria, Recife - PE, 52211-040, Brasil;-8.013538727658705;-34.90501942513124;2025-12-28 19:00:00+00:00;2025;12;19;noite;Homicidio/Tentativa;;False;False;False;1;0;1;1;0;0;0;True
12f662b6-2a76-4323-8ffe-6e5dc0198930;75231;Bomba do Hemetério;BOMBA DO HEMETERIO;Rua Quixabás - Bomba do Hemetério, Recife - PE, 52111-140, Brasil;-8.020984755399633;-34.902203008994434;2025-12-28 20:10:00+00:00;2025;12;20;noite;Homicidio/Tentativa;;False;False;False;1;3;4;1;3;0;0;True
bc8f9ead-c5a4-40e5-ac78-500eff26cd99;75233;Guabiraba;GUABIRABA;Sítio dos Macacos - Avenida Embaixador Assis Chateaubriand - Guabiraba, Recife - PE, Brasil;-7.9931359;-34.9385569;2025-12-29 03:40:00+00:00;2025;12;3;madrugada;Homicidio/Tentativa;;False;False;False;1;0;1;1;0;0;0;True
f8e4e18d-a150-4281-b554-a015d139b745;75263;Várzea;VARZEA;Jardim Petrópolis - Rua Hugo Napoleão - Várzea, Recife - PE, 50980-660, Brasil;-8.038223958715099;-34.96302857010062;2025-12-30 00:00:00+00:00;2025;12;0;madrugada;Tentativa/Roubo;;False;False;False;1;0;1;1;0;0;0;True
082f6b73-ddcd-4cbb-97a0-2bc89afe327d;75252;São José;SAO JOSE;Praça Sérgio Lorêto - São José, Recife - PE, Brasil;-8.0725999;-34.8864648;2025-12-30 00:00:00+00:00;2025;12;0;madrugada;Ação policial;;True;True;False;0;1;1;0;1;0;0;True
e610ec03-bb0d-4fa8-a09c-7f14086aaa86;75279;Campo Grande;CAMPO GRANDE;Estrada de Belém - Campo Grande, Recife - PE, Brasil;-8.0322576;-34.8802829;2025-12-31 22:00:00+00:00;2025;12;22;noite;Tentativa/Roubo;;False;True;False;1;0;1;1;0;0;0;True
